time,voltage,prim,bis,channel,stim
0.0,3.3529492437437693e-05,,,0,a
0.0001,3.4273358219520936e-05,,,0,a
0.0002,3.336461324681274e-05,1.4170930115741813e-07,,0,a
0.0003,3.395462034090995e-05,-1.9115843673614148e-07,,0,a
0.0004,3.369988290931253e-05,-6.92292378333959e-08,-1.0497502620064708e-07,0,a
0.0005,3.3156925533312526e-05,-1.7321577744452315e-07,1.0078328047842397e-07,0,a
0.0006,3.3434973008576405e-05,1.1119140469913045e-07,1.4825496747998508e-07,0,a
0.0007,3.40334571234099e-05,3.7553566460655927e-07,1.7604128718523625e-07,0,a
0.0008,3.4283532527132204e-05,3.5490808411118565e-07,-1.0732955043985423e-07,0,a
0.0009,3.449969726090997e-05,-2.1079724662043228e-07,-1.3944842975002042e-07,0,a
0.001,3.3401065383548606e-05,-4.280962464350195e-08,-3.800568790555989e-07,0,a
0.0011,3.4155103653201705e-05,-7.85262553055611e-07,1.0629337230712619e-07,0,a
0.0012,3.214390960174312e-05,1.0808287030094634e-07,1.640791577283417e-07,0,a
0.0013,3.372531399445146e-05,4.494278485415231e-07,4.578108384753321e-07,0,a
0.0014,3.550338719882627e-05,5.881699623703853e-07,-5.4253411141983724e-08,0,a
0.0015,3.3908419488854285e-05,-5.467736312500494e-08,-2.751292236727711e-07,0,a
0.0016,3.356128190507643e-05,-3.759598224767902e-07,-7.177288668828146e-08,0,a
0.0017,3.43755077313959e-05,3.728513023055409e-07,1.8027977050926938e-07,0,a
0.0018,3.50269733957709e-05,4.861619484028033e-07,1.356335004322679e-08,0,a
0.0019,3.501976775028484e-05,-3.352697723471099e-07,-3.7581839129318995e-07,0,a
0.002,3.336969841435457e-05,-7.546038715740288e-07,-2.2139369929013867e-07,0,a
0.0021,3.276316178104883e-05,-1.7801914946761273e-07,3.1671424031476603e-07,0,a
0.0022,3.448571030188201e-05,6.148729485971882e-07,3.594764203873249e-07,0,a
0.0023,3.521431726014614e-05,3.2382538958794575e-07,-5.962237019287633e-08,0,a
0.0024,3.373463794981266e-05,-3.568862600462417e-07,-3.3277362138738357e-07,0,a
0.0025,3.341505152174328e-05,-3.8344791556496236e-07,-9.800462864506502e-08,0,a
0.0026,3.406397351345125e-05,2.981150365275072e-08,1.8037458009204798e-08,0,a
0.0027,3.382407246077091e-05,-3.0277388601862733e-07,2.306244773905121e-07,0,a
0.0028,3.2506729863687395e-05,3.0842551660657395e-07,6.6402395000016036e-09,0,a
0.0029,3.498925006327098e-05,4.973222215275553e-08,3.5999440567907804e-07,0,a
0.003,3.397326912722918e-05,7.772093310186068e-07,-1.0935468052007663e-07,0,a
0.0031,3.4838357856743215e-05,-1.9638524953655948e-08,-1.3977801027310159e-07,0,a
0.0032,3.4930334488409985e-05,-3.696018086665493e-07,-4.284235044521911e-07,0,a
0.0033,3.2864463701229536e-05,-5.080611823379664e-07,-6.169476489233962e-09,0,a
0.0034,3.3314174309729316e-05,-3.814695442135778e-08,1.8899238646442824e-07,0,a
0.0035,3.481589362514591e-05,1.9737535072673537e-07,3.2283651574844044e-07,0,a
0.0036,3.345658975340976e-05,4.604483649073548e-07,-9.263586766665625e-08,0,a
0.0037,3.4695519404451373e-05,-3.160545574213265e-07,5.52895645833829e-08,0,a
0.0038,3.386772995288193e-05,3.6324404447688407e-07,-2.628376266125939e-07,0,a
0.0039,3.454632188684041e-05,-3.2806451493042684e-07,3.974808213120718e-08,0,a
0.004,3.37113258596601e-05,-1.9681031102770496e-07,-2.1447083479322922e-07,0,a
0.0041,3.327729901979882e-05,-2.8016845990280363e-07,1.704372225585596e-07,0,a
0.0042,3.3705816507132e-05,1.8324715274525193e-07,7.874299301232001e-08,0,a
0.0043,3.426106731789584e-05,3.9418668009255056e-08,8.608977020218916e-08,0,a
0.0044,3.339555502382661e-05,-2.1899149296236156e-08,-1.0817736250920281e-07,0,a
0.0045,3.364011905924327e-05,-1.4128493478235649e-07,7.549334454474971e-08,0,a
0.0046,3.383721251354877e-05,2.658987016435042e-07,1.6064108342742905e-07,0,a
0.0047,3.419325112875714e-05,4.6002410098605097e-07,1.1105001003236734e-07,0,a
0.0048,3.502019136220141e-05,1.918650953147455e-07,-9.39547393210091e-08,0,a
0.0049,3.4412807799493016e-05,-1.5965516319523052e-08,-2.19839542412034e-07,0,a
0.005,3.414535457979857e-05,-1.9949452625005112e-07,-8.07209325138249e-08,0,a
0.0051,3.442170778345125e-05,-5.029770222672922e-08,9.885252994139956e-08,0,a
0.0052,3.426191469281282e-05,2.805920735046756e-07,1.0756507964048025e-07,0,a
0.0053,3.498713080031261e-05,1.2320071267138963e-07,1.0784767918819734e-07,0,a
0.0054,3.479130992146542e-05,2.732453353378628e-07,-2.8478354823919643e-07,0,a
0.0055,3.50816506988264e-05,-5.737585712129137e-07,-1.7872560550466742e-07,0,a
0.0056,3.3265855086673866e-05,-4.1297610384261263e-07,-1.9681006230857787e-07,0,a
0.0057,3.35523816099376e-05,-3.1718485158787084e-07,3.0494030634874435e-07,0,a
0.0058,3.4130096144062784e-05,3.410623478333194e-07,4.9779457824069304e-08,0,a
0.0059,3.4289042130173824e-05,-2.636377303704047e-07,5.797391993975658e-08,0,a
0.006,3.276146841882636e-05,-1.432630917686011e-07,-1.4882037922686698e-07,0,a
0.0061,3.3700306868757014e-05,-1.0539878984728158e-07,1.971867342978859e-07,0,a
0.0062,3.397284576063195e-05,3.2792247252325297e-07,1.6040562815900546e-07,0,a
0.0063,3.374523583639612e-05,3.3795379270841523e-07,1.0822439937041391e-07,0,a
0.0064,3.471416824688227e-05,2.1927440826396012e-07,-8.420581287039839e-08,0,a
0.0065,3.463066898542384e-05,7.530503391205785e-08,-0.001107542060958048,0,a
0.0066,3.397115093813228e-05,-0.0033222882290814357,-0.0011081675305662797,0,a
0.0067,-0.009932150518997426,-0.0033242833172905752,-9.09815190262269e-05,0,a
0.0068,-0.009938219282886301,-0.00027286925204476897,0.00217678121775355,0,a
0.0069,-0.000784636605196172,0.0032080554241792148,0.0021942417004074772,0,a
0.007,-0.00030798424645978495,0.0032584417839318573,0.0001680326111564742,0,a
0.0071,-0.0001628939310907291,0.00023122858142465236,-0.001040510341985908,0,a
0.0072,-9.095086092221507e-05,8.652439822149086e-05,-0.0010700612480569493,0,a
0.0073,-4.841105179531238e-05,4.82580397610093e-05,-6.630772721774678e-05,0,a
0.0074,-1.8119811807701188e-05,3.2305399771411975e-05,-2.1157771137526285e-05,0,a
0.0075,5.9653383920208605e-06,2.3051084808912016e-05,-1.0901274637979943e-05,0,a
0.0076,2.074220263142367e-05,1.555421584706947e-05,-8.674339003248413e-06,0,a
0.0077,2.8542835733507225e-05,6.2823827616667376e-06,-7.565062398140434e-06,0,a
0.0078,2.4812486677021077e-05,3.55897614490717e-07,-6.327640747169776e-06,0,a
0.0079,2.1809895474895807e-05,-3.4287063944398583e-06,-3.042998254259285e-06,0,a
0.008,1.8256716550187664e-05,-2.846612001111118e-06,-2.690444866007696e-06,0,a
0.0081,1.6272650673687716e-05,-7.715436983532372e-06,-2.164205006168182e-06,0,a
0.0082,-1.3364154757013034e-06,-9.921321412944405e-06,-1.978132472603405e-06,0,a
0.0083,-1.150724768864555e-05,-8.781009418921334e-06,2.175366217347209e-06,0,a
0.0084,-1.0070377583076286e-05,-1.1893383314907396e-06,3.1538600946820808e-06,0,a
0.0085,-4.904430470173524e-06,-4.597411288981642e-07,2.3421299078642067e-06,0,a
0.0086,-1.2886471075340043e-05,-1.7546196953287132e-06,-1.6341841219117055e-08,0,a
0.0087,-1.5334236669062426e-05,-1.2383638551480907e-06,2.0978948116033913e-06,0,a
0.0088,-8.619522035617798e-06,5.833943305912009e-06,3.7287960993503346e-06,0,a
0.0089,4.615358842395986e-06,9.43176860272229e-06,3.174440370007704e-06,0,a
0.009,1.2961069139104442e-05,8.284957254875024e-06,-8.492173109366945e-07,0,a
0.0091,1.6235349729007272e-05,3.286291373101921e-06,-3.808527854541698e-06,0,a
0.0092,1.4474232961701752e-05,-1.993814960902801e-06,-4.848150473342624e-06,0,a
0.0093,6.979624256396035e-06,-6.259494165152847e-06,-4.266621255385852e-06,0,a
0.0094,-2.5431327664512677e-06,-9.513572393055636e-06,-3.2264805144953743e-06,0,a
0.0095,-1.4066484217465153e-05,-1.1673256504388923e-05,-2.0971887267082864e-06,0,a
0.0096,-2.8040145256770732e-05,-1.2551060345277704e-05,-1.3884557250956941e-06,0,a
0.0097,-4.0196313802284375e-05,-1.3678939568342721e-05,-8.441782289799169e-07,0,a
0.0098,-5.51033029224933e-05,-1.4205791191328677e-05,-1.1460103183689066e-06,0,a
0.0099,-7.06575188307568e-05,-1.598909130038442e-05,-8.793111426357492e-07,0,a
0.01,-8.816358770343764e-05,-1.6316872996249967e-05,-7.57759097268567e-07,0,a
0.0101,-0.00010405392191124318,-1.647906848313438e-05,2.9104703377169115e-07,0,a
0.0102,-0.00012009472428015994,-1.511595019906935e-05,7.711340257793747e-07,0,a
0.0103,-0.0001335114383006457,-1.4003470918911838e-05,1.461782883540224e-06,0,a
0.0104,-0.00014606433466797864,-1.2093719832513713e-05,1.2249889101866987e-06,0,a
0.0105,-0.00015637588377770108,-1.1440983468509252e-05,1.0818197964535393e-06,0,a
0.0106,-0.00016783438870617348,-1.075801152955122e-05,8.883531528687688e-07,0,a
0.0107,-0.0001783383692566323,-9.428660373907405e-06,9.597496825015637e-07,0,a
0.0108,-0.00018466186489942335,-8.561734421004563e-06,1.1301865179955228e-06,0,a
0.0109,-0.0001935195919691872,-7.3674519755646535e-06,5.623617564907324e-07,0,a
0.011,-0.0002004407251833262,-7.741575104435204e-06,4.726925334629455e-07,0,a
0.0111,-0.00020788659021272899,-7.143656820615728e-06,4.345930175770772e-07,0,a
0.0112,-0.00021495056243103438,-6.063672922833422e-06,1.0132023471157013e-06,0,a
0.0113,-0.0002186317439518265,-4.701968063088101e-06,1.3207802894722252e-06,0,a
0.0114,-0.0002219924944019933,-3.181315952199051e-06,1.0747554769275774e-06,0,a
0.0115,-0.00022449451028763145,-2.8394064920506904e-06,8.316043760402819e-07,0,a
0.0116,-0.0002271499634279786,-2.207154934967255e-06,3.262272083795804e-07,0,a
0.0117,-0.0002286139592068951,-2.20263432706031e-06,9.847569199528659e-08,0,a
0.0118,-0.00023110241326881228,-2.5439794160648306e-06,-1.370940056483335e-07,0,a
0.0119,-0.0002347819016761732,-2.6184369519122554e-06,-3.42381065077117e-07,0,a
0.012,-0.0002364692700626318,-3.22977752229166e-06,-1.0982551056020026e-07,0,a
0.0121,-0.0002407917458356873,-2.8734559477454314e-06,-1.6600964964346376e-07,0,a
0.0122,-0.00024340226951940946,-3.116465900842647e-06,6.612615056666483e-07,0,a
0.0123,-0.00024581866776515965,-1.2459930052917151e-06,4.624260506188129e-07,0,a
0.0124,-0.0002445297248515625,-1.4861777958889927e-06,6.021096419367433e-07,0,a
0.0125,-0.00024786080290707647,-1.3101369750324172e-06,-2.1663713282373593e-08,0,a
0.0126,-0.00024974907869025696,-1.3109841451388357e-06,5.691434338812869e-07,0,a
0.0127,-0.00024846267728697896,2.2125250575486801e-07,7.507421312222617e-07,0,a
0.0128,-0.0002471970453898119,9.420894186343677e-07,6.944160728101701e-07,0,a
0.0129,-0.00024692281043435385,7.722640732916747e-07,-1.0977852650631862e-07,0,a
0.013,-0.00024614588506710383,-1.0808307376408786e-07,-3.208114588040468e-07,0,a
0.0131,-0.0002475212946111043,-2.034495777777272e-08,-7.5587395176017e-08,0,a
0.0132,-0.0002469838453076871,5.455018877636238e-07,5.450777855834013e-07,0,a
0.0133,-0.000244509379403813,1.527150282986116e-06,5.405094366990977e-07,0,a
0.0134,-0.0002429398437621458,1.60118335231952e-06,3.0743623920382246e-07,0,a
0.0135,-0.00024218029525072872,1.4678106053750916e-06,3.5933689853406095e-08,0,a
0.0136,-0.00024010594758768766,1.6349513525463339e-06,3.468551473394237e-07,0,a
0.0137,-0.00023803498970450683,2.641748794337791e-06,2.9236591384251896e-07,0,a
0.0138,-0.00023425504886771535,2.344908346902649e-06,4.5022455015435297e-08,0,a
0.0139,-0.00023307122254697968,1.7700187175926393e-06,-3.9385602975143215e-07,0,a
0.014,-0.0002327249335517289,1.4601807050834952e-06,-2.411735517745771e-07,0,a
0.0141,-0.00022987450675246497,1.6213876915789171e-06,4.756637702927778e-08,0,a
0.0142,-0.00022820705947224282,1.912717848680473e-06,2.4962986681371473e-09,0,a
0.0143,-0.00022698678000568744,1.4676696010879065e-06,-8.670185130102513e-08,0,a
0.0144,-0.00022547149794920136,1.3612821376758415e-06,-2.453667684412211e-08,0,a
0.0145,-0.00022412321305921516,1.8391078181481072e-06,4.243262515988423e-07,0,a
0.0146,-0.00022146945655124314,2.7406483558844335e-06,4.089730782700792e-07,0,a
0.0147,-0.0002172495528815481,2.5882013724860787e-06,1.4726627645831334e-07,0,a
0.0148,-0.00021635860894175695,2.2809066475230476e-06,-3.2114112326552024e-07,0,a
0.0149,-0.00021462673660867397,1.7772249860878724e-06,7.440911870419939e-09,0,a
0.015,-0.00021191787792328455,2.610524108097339e-06,3.362568875778108e-08,0,a
0.0151,-0.0002085270366174649,2.381783713796391e-06,9.371924472532022e-08,0,a
0.0152,-0.00020748138546728477,2.0583827202638326e-06,-1.6549176540281798e-07,0,a
0.0153,-0.0002057427297624931,2.1140488118888846e-06,1.2522588445985288e-07,0,a
0.0154,-0.00020218489018179815,2.7574613671759503e-06,4.1523667567595814e-07,0,a
0.0155,-0.00019920900136575698,3.3040927472917066e-06,3.118161935833138e-07,0,a
0.0156,-0.000195830451520618,3.0494973926388264e-06,6.546084439842767e-09,0,a
0.0157,-0.00019303639800388172,2.777099620495478e-06,-2.8012119819749177e-07,0,a
0.0158,-0.0001908777025042705,2.4637291526992313e-06,-2.0900778264656364e-07,0,a
0.0159,-0.00018843926406252035,2.4224740446991363e-06,-8.773809476705095e-08,0,a
0.016,-0.0001857689758697842,2.5138853361943245e-06,1.8913383523451975e-07,0,a
0.0161,-0.00018333604649568746,3.03113065840279e-06,7.488179590955334e-09,0,a
0.0162,-0.00017934587208731217,2.444938583472003e-06,1.5117512545840725e-07,0,a
0.0163,-0.00017843416011936814,2.9674107125695454e-06,-3.3169050410958235e-07,0,a
0.0164,-0.00017443381435797883,2.036059146074044e-06,3.1953964853869126e-07,0,a
0.0165,-0.00017323769464909,3.4035575290880765e-06,1.8461140169672955e-08,0,a
0.0166,-0.00016822348753210389,3.022794133078564e-06,4.200404339352339e-07,0,a
0.0167,-0.00016536543195874322,3.296180447879746e-06,-1.3064157147377707e-07,0,a
0.0168,-0.00016334915330545074,3.0116328146667453e-06,-8.872694467580905e-08,0,a
0.0169,-0.00015918858908810368,2.756613299051137e-06,-2.0246118947078165e-07,0,a
0.017,-0.00015709559206158978,2.6887968794674e-06,-2.1216307148007947e-07,0,a
0.0171,-0.00015528276266704851,2.3751436002265077e-06,-1.1929169814358905e-07,0,a
0.0172,-0.00015206315828742413,2.39873820462037e-06,-2.0816108148073073e-08,0,a
0.0173,-0.00014989937744772872,2.6263485550231805e-06,4.629437162683011e-08,0,a
0.0174,-0.00014740371700197895,2.5140267151069976e-06,1.817880166203731e-08,0,a
0.0175,-0.0001445210781421031,2.4532746096064828e-06,-5.302896017290418e-08,0,a
0.0176,-0.00014253955361890927,2.467261674504468e-06,-1.5932240128268258e-07,0,a
0.0177,-0.00014000193197846552,2.03605951125895e-06,-9.315416965745543e-08,0,a
0.0178,-0.0001384128996083263,2.1738121006341165e-06,-6.211856098131837e-08,0,a
0.0179,-0.00013601811731700692,2.280905991560513e-06,-8.123896518349863e-08,0,a
0.018,-0.00013315921400378398,1.792342615708454e-06,-2.4569478842891967e-07,0,a
0.0181,-0.000133035871761201,1.4367277353473568e-06,-2.909058053767175e-07,0,a
0.0182,-0.00013170793411096477,1.4081885754303606e-06,-2.7597706521692144e-08,0,a
0.0183,-0.00012893464827749292,1.7095494961433776e-06,2.0660608906937668e-07,0,a
0.0184,-0.00012790722327277084,2.056546002555487e-06,1.1472339645686469e-07,0,a
0.0185,-0.0001255382961032984,1.7523587648009546e-06,6.070543842291438e-08,0,a
0.0186,-0.00012367757198309,1.8916658114121203e-06,-4.850865057117663e-09,0,a
0.0187,-0.00012223222583853448,2.041993407384134e-06,-2.0481639122067155e-07,0,a
0.0188,-0.00011941231588114592,1.13790959113894e-06,-5.236962444761842e-08,0,a
0.0189,-0.00012026384320967326,1.734556938069265e-06,-2.9453237240117556e-07,0,a
0.019,-0.00011702855502432669,1.1583962901806074e-06,2.6556913881320193e-07,0,a
0.0191,-0.00011593712701060409,1.934617007578546e-06,-2.0236740170668718e-07,0,a
0.0192,-0.00011445999218693759,1.1274547329492032e-06,7.134898510644916e-08,0,a
0.0193,-0.00011364619082547913,1.372443245499955e-06,-2.6071822620672214e-07,0,a
0.0194,-0.00011181979727410419,1.1524623289583798e-06,9.758095240114471e-08,0,a
0.0195,-0.00011100260520006245,1.4201975901526374e-06,-4.6859580419738756e-08,0,a
0.0196,-0.00010938559805502126,1.2318645042407386e-06,1.3431504689043585e-07,0,a
0.0197,-0.00010812420376138198,1.555407469629687e-06,-1.137814924041953e-07,0,a
0.0198,-0.00010633638279117336,1.0788531129400517e-06,6.861754458953025e-08,0,a
0.0199,-0.0001061490387162011,1.4377171380093291e-06,-2.2671538506179348e-07,0,a
0.02,-0.00010381105234735395,8.752613144443069e-07,1.0342053508021994e-07,0,a
0.0201,-0.00010371059884784048,1.3891147181807113e-06,-1.0893087473305165e-07,0,a
0.0202,-0.00010198169456165896,1.1109245138101744e-06,2.3133084473304824e-07,0,a
0.0203,-0.0001004782788059234,1.5692538486434518e-06,-3.6686765693049515e-08,0,a
0.0204,-9.900283730191015e-05,1.2790544211015625e-06,-9.12701874413726e-08,0,a
0.0205,-9.814453129835426e-05,8.371139514860566e-07,-1.3681131735487396e-07,0,a
0.0206,-9.796693695146526e-05,1.1588198965788301e-06,-1.229182572869544e-07,0,a
0.0207,-9.552637761217365e-05,9.102996492406991e-07,5.378269478088023e-08,0,a
0.0208,-9.54136323506322e-05,9.984620358286975e-07,-1.4849051302316078e-07,0,a
0.0209,-9.497155084397914e-05,7.133483575093476e-07,1.3106557758337368e-07,0,a
0.021,-9.33863325396456e-05,1.30349638199082e-06,2.3203709135033435e-07,0,a
0.0211,-9.150314320465977e-05,1.6945733098797008e-06,2.400432847391848e-07,0,a
0.0212,-8.988783091434002e-05,1.4334782117269023e-06,-2.4019232870828213e-09,0,a
0.0213,-8.90858979044649e-05,1.2962906121295715e-06,-5.12441177714548e-07,0,a
0.0214,-8.761427136827103e-05,1.5724977673605648e-07,-1.6944777039514837e-07,0,a
0.0215,-8.941608158413188e-05,9.251349005414571e-07,-1.7029560018202517e-07,0,a
0.0216,-8.63104932028405e-05,7.854038115834961e-07,5.070253217206774e-07,0,a
0.0217,-8.525805993352055e-05,1.6783257418980885e-06,-1.0695290386867902e-07,0,a
0.0218,-8.438110435843763e-05,6.042761889354199e-07,-4.182055693831895e-08,0,a
0.0219,-8.44976646360342e-05,6.599421407685395e-07,-3.5363655629929553e-07,0,a
0.022,-8.327823351121492e-05,6.17416073000202e-07,7.125474872983072e-08,0,a
0.0221,-8.252885613943707e-05,8.180404351249118e-07,2.342509853626453e-07,0,a
0.0222,-8.204354333065942e-05,1.3626950968564753e-06,1.0808303159711623e-07,0,a
0.0223,-7.919014822064551e-05,9.416651677915508e-07,3.67812660972284e-08,0,a
0.0224,-7.970386063606242e-05,9.283842334165972e-07,-3.6861316929478745e-07,0,a
0.0225,-7.925839063040966e-05,2.568555889721129e-07,-2.4866269776179385e-08,0,a
0.0226,-7.841958145372914e-05,8.670663584630126e-07,-1.082242875863487e-07,0,a
0.0227,-7.710266156067338e-05,6.03711370657551e-07,1.1434721704638509e-07,0,a
0.0228,-7.744725651843702e-05,5.998972401112681e-07,2.3359200850307446e-08,0,a
0.0229,-7.661988973339535e-05,9.37143961013935e-07,2.059465042529696e-07,0,a
0.023,-7.429122967763158e-05,1.22155088341646e-06,2.035915016249314e-07,0,a
0.0231,-7.378260386818762e-05,1.2106717449860625e-06,2.0514597459714474e-07,0,a
0.0232,-7.298787449843718e-05,1.5525818848053692e-06,-2.8351204436869013e-07,0,a
0.0233,-6.963348402321546e-05,3.7101475031038915e-07,-1.1218030029785974e-07,0,a
0.0234,-7.266955961725646e-05,8.741308440924836e-07,-4.821589193610102e-07,0,a
0.0235,-7.036548196615974e-05,1.0610512672233857e-07,2.270922102020986e-07,0,a
0.0236,-6.931516864304844e-05,1.052291380916685e-06,-1.0294987471444971e-07,0,a
0.0237,-6.951268547450637e-05,5.652812199491344e-07,1.7217924383945e-07,0,a
0.0238,-6.866963830631236e-05,6.226428582406887e-07,-6.075261302315922e-08,0,a
0.0239,-6.744724006832635e-05,8.700335418472072e-07,-1.116130700615182e-08,0,a
0.024,-6.690258484896475e-05,5.31797298930679e-07,-7.087765672064163e-08,0,a
0.0241,-6.707424640952034e-05,4.1000988807876366e-07,-1.1425267342594827e-07,0,a
0.0242,-6.621721040409007e-05,5.272755215693625e-07,4.535232502927164e-08,0,a
0.0243,-6.532075828425665e-05,6.67854274018494e-07,1.3464437569131937e-07,0,a
0.0244,-6.507068358746484e-05,8.139430151527215e-07,9.174124277472546e-08,0,a
0.0245,-6.377538135863192e-05,8.024992498935389e-07,-8.543026059875704e-08,0,a
0.0246,-6.291326053457604e-05,4.1156349222222304e-07,-5.105088665121032e-08,0,a
0.0247,-6.383599311079818e-05,6.607903551990904e-07,7.591734409873356e-08,0,a
0.0248,-6.179301029303466e-05,1.0302512821897398e-06,2.772955931141131e-07,0,a
0.0249,-5.98225066880068e-05,1.2434502715645625e-06,-1.2550816822679825e-07,0,a
0.025,-6.010564229610448e-05,2.842658505186954e-07,-4.2093550577007154e-07,0,a
0.0251,-6.094021274147859e-05,-2.325552351204748e-07,-2.512051234119144e-07,0,a
0.0252,-6.052017239336821e-05,4.898349013288193e-07,2.414562113826178e-07,0,a
0.0253,-5.863613759211802e-05,1.008634484666549e-06,2.781431533673563e-07,0,a
0.0254,-5.7914309287478944e-05,6.018742249815941e-07,-3.094108867441437e-08,0,a
0.0255,-5.871454971842343e-05,3.9701163530557617e-07,-3.1078035584408887e-07,0,a
0.0256,-5.7445102686201315e-05,7.629341713428242e-08,6.998336288419288e-08,0,a
0.0257,-5.768542903607609e-05,8.118243136341727e-07,-1.3940286677469137e-08,0,a
0.0258,-5.6279076777520926e-05,3.5519077527316865e-07,3.0461092125305954e-07,0,a
0.0259,-5.6379530360381775e-05,9.90126180893461e-07,-1.3662288375457146e-07,0,a
0.026,-5.471505049339571e-05,4.0195566237045835e-07,1.2428361838582837e-07,0,a
0.0261,-5.507320979040958e-05,7.280416304306537e-07,-1.8112777185033235e-07,0,a
0.0262,-5.41954054690898e-05,4.4674286534246416e-07,1.7166153875456904e-07,0,a
0.0263,-5.33748218973683e-05,9.169402786341654e-07,-6.494377632108265e-08,0,a
0.0264,-5.232238895450709e-05,5.332103014674057e-07,2.0048390666987102e-07,0,a
0.0265,-5.259577456468758e-05,1.0481945853520774e-06,-3.778433515307883e-07,0,a
0.0266,-5.023023814131206e-05,-2.165897759581997e-07,-1.6342261441278538e-08,0,a
0.0267,-5.29721582823817e-05,4.841835171435702e-07,-4.014853879152142e-07,0,a
0.0268,-5.1143224013256886e-05,-1.5626157839356523e-07,2.1630737119745664e-07,0,a
0.0269,-5.0699022876492743e-05,4.3233233763417014e-07,3.8288493128110974e-08,0,a
0.027,-5.1675161269479185e-05,5.990489965279031e-07,2.91047379489179e-07,0,a
0.0271,-4.934607702367319e-05,7.168805600739719e-07,5.227538172378665e-08,0,a
0.0272,-4.854838119627082e-05,5.891584828055302e-07,-5.6608298348867297e-08,0,a
0.0273,-4.99076858210626e-05,4.292241014813012e-07,-2.4875596675768907e-07,0,a
0.0274,-4.8058404719229274e-05,-2.9387340199095425e-08,1.2574391744754599e-07,0,a
0.0275,-4.8636543216868134e-05,9.66390235148168e-07,-1.176433582560841e-07,0,a
0.0276,-4.700851511561807e-05,7.629402671304901e-08,1.1453515426854816e-07,0,a
0.0277,-4.782952263909012e-05,3.1421812260654905e-07,-2.8111032155399757e-07,0,a
0.0278,-4.76938888490485e-05,1.230592704861753e-07,7.91195951697495e-08,0,a
0.0279,-4.663933730415955e-05,3.1365281222229743e-07,9.301264321607584e-08,0,a
0.028,-4.688856420242324e-05,5.932560522547766e-07,7.667082079163283e-08,0,a
0.0281,-4.591412069228415e-05,3.530717328610738e-07,1.3525703065888923e-07,0,a
0.0282,-4.5580122105576336e-05,7.194239041989652e-07,-9.743974118529451e-08,0,a
0.0283,-4.473029248982633e-05,3.0093682869889295e-07,-2.5808281374982335e-08,0,a
0.0284,-4.5011310206187485e-05,2.756468887361269e-07,-4.240376172322002e-10,0,a
0.0285,-4.4753181439367935e-05,7.181517913472686e-07,4.257430326240502e-08,0,a
0.0286,-4.257583711578453e-05,4.2865973848610806e-07,4.897878884257549e-08,0,a
0.0287,-4.3725330990729175e-05,4.225832552638532e-07,-1.6158286989044246e-07,0,a
0.0288,-4.3485431673576355e-05,2.3340318167594135e-07,-3.993702001076776e-08,0,a
0.0289,-4.18756275707567e-05,3.0884867845380477e-07,1.1255731210957164e-07,0,a
0.029,-4.279878495536779e-05,7.602551915925681e-07,-1.8969882250621762e-07,0,a
0.0291,-4.1204666098798644e-05,-3.356932858427115e-07,2.0947894148606844e-07,0,a
0.0292,-4.288270742828486e-05,9.372855029120102e-07,-2.083954847036946e-07,0,a
0.0293,-3.9986928446631743e-05,1.350687374814842e-07,2.943438582207541e-07,0,a
0.0294,-4.079945988635418e-05,5.473382888195508e-07,-2.656632434784222e-07,0,a
0.0295,-4.124069256182621e-05,1.4029577247674367e-07,1.1538275427780225e-07,0,a
0.0296,-3.956604112920152e-05,4.812170003148908e-07,-1.1255781921345217e-08,0,a
0.0297,-3.935580888540949e-05,5.135709430555152e-07,8.901157206870746e-09,0,a
0.0298,-3.9699979732659666e-05,1.669992440973559e-07,-1.8150425476083266e-07,0,a
0.0299,-3.906504339690946e-05,-6.329576396760711e-08,-6.38136289289992e-08,0,a
0.03,-3.954569617731232e-05,3.221300562685175e-07,-2.411290189667883e-08,0,a
0.0301,-3.87335895638541e-05,9.466053840731942e-08,2.9170664730558145e-07,0,a
0.0302,-3.878106178168751e-05,8.118241779491372e-07,-1.0073611619754294e-07,0,a
0.0303,-3.7110223643464915e-05,1.9921707675888756e-08,1.1806755277629448e-07,0,a
0.0304,-3.867382444082643e-05,4.488631967362029e-07,-2.7319832299698164e-07,0,a
0.0305,-3.7434472191478905e-05,-7.77079104180762e-09,1.8626053806329967e-07,0,a
0.0306,-3.713353601659034e-05,5.787033218657877e-07,8.476859058582779e-09,0,a
0.0307,-3.693771447522905e-05,4.7429377391195127e-07,1.1599526484418692e-07,0,a
0.0308,-3.601159086974306e-05,3.4021500349075315e-07,4.756758192873468e-09,0,a
0.0309,-3.611289100611807e-05,5.929735964444081e-07,-2.6420195232947574e-08,0,a
0.031,-3.515879368589583e-05,3.9503318821310855e-07,1.695180581853144e-09,0,a
0.0311,-3.482649130510373e-05,3.453005452363125e-07,-2.2200594534255383e-07,0,a
0.0312,-3.507698937040913e-05,-7.304423958325338e-08,-2.7946204670068847e-07,0,a
0.0313,-3.537792640464559e-05,-4.433529518889568e-07,-7.346732586521354e-09,0,a
0.0314,-3.61565501607706e-05,3.2326034747674846e-07,1.0780045435487568e-07,0,a
0.0315,-3.4107208327978895e-05,2.5035712348137366e-07,3.1892771534568546e-07,0,a
0.0316,-3.462685503420147e-05,5.134301941480996e-07,-3.400274723302149e-08,0,a
0.0317,-3.4616259578326304e-05,2.2125210577768394e-07,-1.0342085466660245e-07,0,a
0.0318,-3.3443452010645843e-05,-5.99054405184336e-08,-1.0356198639043657e-07,0,a
0.0319,-3.4806571355756766e-05,2.0274423497678985e-07,9.136544095738491e-09,0,a
0.032,-3.400802687339593e-05,2.486617380648994e-07,3.148305835987472e-07,0,a
0.0321,-3.2697466796451145e-05,8.845863102778078e-07,1.4844350642748957e-07,0,a
0.0322,-3.2152812424923356e-05,6.480747542592585e-07,1.2246166712664335e-09,0,a
0.0323,-3.206380261061815e-05,2.523355880786987e-07,-4.7259869087968654e-07,0,a
0.0324,-3.194046003221505e-05,-5.332097623612518e-07,-1.862138672592442e-07,0,a
0.0325,-3.37524417120071e-05,8.943315248152587e-08,-1.0492791808640105e-07,0,a
0.0326,-3.1795503153173575e-05,-6.244816618050447e-08,3.2387244961428597e-07,0,a
0.0327,-3.2127804530756576e-05,4.384075864816061e-07,9.824037002159866e-08,0,a
0.0328,-3.243721895256227e-05,3.841542625463218e-07,3.165727654737301e-07,0,a
0.0329,-3.0643040365534616e-05,8.872701302406859e-07,-8.39704296837061e-08,0,a
0.033,-2.946599414003451e-05,1.8649629743048782e-07,-1.2225867960804674e-07,0,a
0.0331,-3.1877730060270816e-05,1.7378223722181482e-08,-3.254265175246622e-07,0,a
0.0332,-3.059090569436807e-05,-8.900942233330068e-08,2.1635452403551546e-07,0,a
0.0333,-2.9733022407034407e-05,8.355598695370342e-07,3.861925780913216e-09,0,a
0.0334,-2.937105045165971e-05,2.8964001064921076e-08,-1.2075170962812755e-07,0,a
0.0335,-3.050401369117331e-05,-4.512645512176833e-07,-7.398621100617004e-08,0,a
0.0336,-3.108681606068746e-05,6.136012365185241e-07,1.2659106743822176e-07,0,a
0.0337,-2.753024674210414e-05,4.0873720337958634e-07,2.5897546260497773e-07,0,a
0.0338,-2.927780208103455e-05,3.256618365972499e-07,-2.514403685015115e-07,0,a
0.0339,-3.010983055089571e-05,-1.4071986898601057e-07,-4.7754142824047786e-08,0,a
0.034,-2.7952406349062166e-05,2.6547477490744293e-07,2.2826972876383627e-07,0,a
0.0341,-2.848137775631222e-05,1.0104710228887587e-06,1.7707623495331075e-08,0,a
0.0342,-2.7078417482229438e-05,-8.759699850001724e-08,-6.273064415902396e-08,0,a
0.0343,-2.8215197344562214e-05,7.728284243037098e-08,-3.084252915400265e-07,0,a
0.0344,-2.8249529229021114e-05,8.519514826867909e-08,1.1194495209876335e-07,0,a
0.0345,-2.6822832037423397e-05,2.482378577962728e-07,1.1514727758497672e-07,0,a
0.0346,-2.7470483771173396e-05,4.227246751853012e-07,-1.6742304536733493e-07,0,a
0.0347,-2.698135520346521e-05,-4.170739878333258e-07,-6.857032747530898e-08,0,a
0.0348,-2.8074054000923378e-05,4.252687537034588e-08,-1.9483171193983477e-07,0,a
0.0349,-2.7342903145062355e-05,-1.6177046063420308e-07,2.3382701029939595e-07,0,a
0.035,-2.746666658536782e-05,2.84407043064862e-07,1.4976219194909207e-07,0,a
0.0351,-2.7220832871728792e-05,4.918134512176221e-07,2.124451997360804e-07,0,a
0.0352,-2.5867462791409485e-05,4.7556513857403815e-07,9.004554489344842e-08,0,a
0.0353,-2.6039971169645706e-05,5.545436777452072e-07,-1.384594932006341e-07,0,a
0.0354,-2.555720183849317e-05,7.643497161571983e-08,-1.2838102759568233e-07,0,a
0.0355,-2.563815787656233e-05,9.04220557869911e-08,-1.3704630435332085e-07,0,a
0.0356,-2.576870500228473e-05,1.4340476468524467e-07,1.6911844750310342e-07,0,a
0.0357,-2.5126987544437436e-05,5.837903141250302e-07,-4.365695692743496e-08,0,a
0.0358,-2.388678693418724e-05,-4.054881499531381e-08,-6.988919221757479e-08,0,a
0.0359,-2.589035144727067e-05,-6.626281196747975e-08,-2.148005240725547e-07,0,a
0.036,-2.5325775980339872e-05,-6.061125809263393e-08,2.7691882699533814e-07,0,a
0.0361,-2.406862070846515e-05,7.902076659907006e-07,5.133364098912089e-08,0,a
0.0362,-2.3519728449298565e-05,8.7738110999883e-08,-8.764387800921876e-08,0,a
0.0363,-2.506256164734022e-05,-3.235428921202902e-07,-3.110156399104469e-07,0,a
0.0364,-2.5039249384826024e-05,-1.4283925374064023e-07,1.210341542870927e-07,0,a
0.0365,-2.3948246210520486e-05,4.5084057386116113e-07,2.5680921333020096e-07,0,a
0.0366,-2.371003992575674e-05,4.4688474787031254e-07,2.0783032557558683e-07,0,a
0.0367,-2.369859514121508e-05,4.806517229861203e-07,6.357954515428497e-09,0,a
0.0368,-2.2506291041562125e-05,4.699144374074467e-07,-7.74712745632645e-08,0,a
0.0369,-2.2300296613534407e-05,2.1447092418051903e-07,-1.3586903879169042e-07,0,a
0.037,-2.3055182368673523e-05,7.304460661104894e-08,-2.3067157967595513e-07,0,a
0.0371,-2.2287157221728975e-05,-2.221003016204187e-07,8.288539375034453e-09,0,a
0.0372,-2.2966597518395666e-05,2.393365423056224e-07,-7.959075827004376e-08,0,a
0.0373,-2.233717274175665e-05,-1.6572766819908234e-07,1.015839604660347e-07,0,a
0.0374,-2.278434022632623e-05,8.265157977768538e-08,3.400279442745213e-08,0,a
0.0375,-2.271864277906261e-05,3.4134492558797876e-07,2.1998102679628636e-07,0,a
0.0376,-2.1313137964992706e-05,4.942154121897767e-07,3.769158503769672e-10,0,a
0.0377,-2.13016939897569e-05,8.378232732881639e-08,-2.57421466572557e-07,0,a
0.0378,-2.2467295797076164e-05,-4.309194741296923e-07,-1.6699909079473981e-07,0,a
0.0379,-2.260589638738178e-05,-6.7818601944426955e-09,1.8739099133018264e-07,0,a
0.038,-2.1322039570340233e-05,6.459553013193642e-07,3.227892812253261e-07,0,a
0.0381,-2.052942989311807e-05,5.37448369546286e-07,-5.072114529781609e-08,0,a
0.0382,-2.0993551278742918e-05,-1.5894529608789096e-07,-3.396964362345476e-07,0,a
0.0383,-2.179887545860391e-05,-3.731340073842786e-07,-1.1392278894599063e-07,0,a
0.0384,-2.1648831915270904e-05,1.9568000270831412e-07,-1.4270004302530863e-08,0,a
0.0385,-2.0406511270617972e-05,-2.0175530899548352e-07,3.3192585364664033e-07,0,a
0.0386,-2.2404141385590367e-05,6.226435535556423e-07,-1.1453522244595564e-07,0,a
0.0387,-1.9780901254603977e-05,-1.4792566462955281e-07,2.499805397932808e-07,0,a
0.0388,-2.085028826450663e-05,5.481863103843588e-07,-3.073423856188576e-07,0,a
0.0389,-2.0759582454437284e-05,-2.9938360330093044e-07,9.711007209098899e-08,0,a
0.039,-2.067905206450677e-05,1.4340455164341413e-07,-7.996735204943083e-08,0,a
0.0391,-2.0420074609576395e-05,3.082842542360663e-07,1.28993530493836e-07,0,a
0.0392,-1.9834729691729078e-05,8.759698818057757e-08,5.976350064973665e-08,0,a
0.0393,-2.0416261099965043e-05,3.226950535926241e-07,-3.333388092206609e-07,0,a
0.0394,-1.9451989448798516e-05,-6.917321734259163e-07,-1.4166184667750638e-07,0,a
0.0395,-2.1909926212006827e-05,-3.373885518519415e-07,-1.5357681933179536e-07,0,a
0.0396,-2.1428426755520867e-05,-1.3803540440276193e-07,4.948276010108139e-07,0,a
0.0397,-1.98660956620068e-05,7.927506296065254e-07,2.4423475494292306e-07,0,a
0.0398,-1.9531674323187254e-05,3.953157129768277e-07,-2.1522604157434857e-08,0,a
0.0399,-2.024247961659038e-05,-2.0260321687506656e-07,-1.9676293958798617e-07,0,a
0.04,-2.0473905312632008e-05,2.024618108425669e-07,-1.1858525643975935e-07,0,a
0.0401,-1.8924288890659547e-05,3.9559943657549635e-08,3.0428114403093813e-07,0,a
0.0402,-2.0123799785617735e-05,7.102402152177479e-07,4.379818299076981e-08,0,a
0.0403,-1.8343184666978768e-05,3.3385635981487627e-07,1.8616657186724e-07,0,a
0.0404,-1.7922719811214915e-05,5.980596592592697e-07,-1.9991845900628835e-07,0,a
0.0405,-1.832962080783993e-05,1.104848381988828e-07,-1.1924448900777222e-07,0,a
0.0406,-1.801173015238212e-05,-2.387710720844037e-08,-8.406461286730046e-08,0,a
0.0407,-1.799435113284023e-05,3.4586582065736834e-07,1.1006106369919482e-07,0,a
0.0408,-1.7292023345867824e-05,4.406680292964673e-07,9.418818297899517e-09,0,a
0.0409,-1.6689726064492724e-05,4.379347685258181e-09,-2.779548755833125e-07,0,a
0.041,-1.7981213089784454e-05,-4.879988060925692e-07,-2.230418536868167e-07,0,a
0.0411,-1.875601976414553e-05,-2.2845753176398286e-07,1.311129980663125e-07,0,a
0.0412,-1.7375098659784676e-05,3.977183418841956e-07,4.15849155189793e-07,0,a
0.0413,-1.678805806413186e-05,7.595486594768098e-07,3.4661741753117464e-08,0,a
0.0414,-1.6477373785715106e-05,-1.2447230650463042e-07,7.911519546331778e-09,0,a
0.0415,-1.7748515579298568e-05,4.21452900523191e-07,-2.7107886054785054e-07,0,a
0.0416,-1.552369936256228e-05,-5.3687922166741856e-08,9.856997962500598e-08,0,a
0.0417,-1.6638437552215338e-05,1.7123763237038747e-07,-4.4401164832565983e-07,0,a
0.0418,-1.7234802682187405e-05,-9.105820444537885e-07,3.437677231533942e-09,0,a
0.0419,-1.8255445495923646e-05,-4.337489047214003e-08,5.5383705368841374e-08,0,a
0.042,-1.676856222363176e-05,3.373887484769115e-07,5.428170642577747e-07,0,a
0.0421,-1.622263643675667e-05,7.178691483195354e-07,8.128619002160999e-08,0,a
0.0422,-1.6101838050965037e-05,2.0048367959268993e-07,-1.624773345063586e-08,0,a
0.0423,-1.6167111184853692e-05,2.88645548125004e-07,-1.0403278511886583e-07,0,a
0.0424,-1.5356699792381655e-05,4.057707929629379e-07,-8.787939016520292e-08,0,a
0.0425,-1.4884525672076223e-05,-6.315449090291887e-08,-4.7566132759299835e-08,0,a
0.0426,-1.6356574657562452e-05,1.459471498471045e-07,-2.771071678472145e-07,0,a
0.0427,-1.4918858342840335e-05,-4.2555071057870554e-07,3.6828314601903536e-08,0,a
0.0428,-1.6161177803812347e-05,4.7330452902791736e-08,-2.557728399783212e-07,0,a
0.0429,-1.6214583298854073e-05,-6.213713700878591e-07,2.2864643984568217e-07,0,a
0.043,-1.6782972453103912e-05,2.6038860895834096e-07,1.3516348203700801e-08,0,a
0.0431,-1.5380011976937324e-05,8.787949751389414e-08,6.612139611233993e-07,0,a
0.0432,-1.595094480631239e-05,1.3622705132823387e-06,-1.5174038194444503e-07,0,a
0.0433,-1.2696160913256896e-05,-1.9483253687499403e-07,8.656046489196931e-08,0,a
0.0434,-1.5964509587562304e-05,3.4756089218980217e-07,-7.352944717191212e-07,0,a
0.0435,-1.4908262129742988e-05,-8.436129018750248e-07,2.0750098888118522e-07,0,a
0.0436,-1.5226999618881966e-05,4.2767042976856163e-07,-7.619957694289712e-08,0,a
0.0437,-1.4681498298256624e-05,1.189621613611108e-07,2.5624397572840047e-07,0,a
0.0438,-1.4551375645659655e-05,-7.488097468982335e-08,-1.9586846235033394e-07,0,a
0.0439,-1.5451642542951434e-05,-1.5993495728244018e-07,-1.4100247734723818e-07,0,a
0.044,-1.5161303170103943e-05,-3.0404527068060375e-07,1.269209521111199e-07,0,a
0.0441,-1.5463511457701465e-05,3.058818816435364e-07,1.8362346580093275e-07,0,a
0.0442,-1.453399689802083e-05,3.9093544012035804e-07,3.474199482022092e-07,0,a
0.0443,-1.3988496849742869e-05,7.382145739260241e-07,-2.2671542867129203e-07,0,a
0.0444,-1.3248867735923391e-05,-3.7426440437033975e-07,-6.522648263270109e-08,0,a
0.0445,-1.565679011113185e-05,1.9525599222225476e-07,-4.09444171128122e-07,0,a
0.0446,-1.3402728873076103e-05,-4.90117939458342e-07,3.174205723703637e-07,0,a
0.0447,-1.4719221554298419e-05,5.779973127407513e-07,4.6577279516955736e-08,0,a
0.0448,-1.3922798172909595e-05,3.34987830773122e-07,2.756470610077245e-07,0,a
0.0449,-1.2397765380756735e-05,3.3682324356483167e-07,-2.0721952808587475e-09,0,a
0.045,-1.3708751823603927e-05,5.71780726898175e-07,-1.4279260641823316e-07,0,a
0.0451,-1.220745599221507e-05,-9.338998848157754e-08,4.0690224972194606e-08,0,a
0.0452,-1.2677935346201466e-05,4.5889391848141554e-07,-2.72114912975318e-07,0,a
0.0453,-1.2332070068159679e-05,-2.4456401202777893e-07,1.6770561397229306e-07,0,a
0.0454,-1.294114802829841e-05,4.0972685343530164e-07,-2.2219426634872155e-07,0,a
0.0455,-1.1448754785895558e-05,-2.076888805647491e-07,4.563479504781262e-08,0,a
0.0456,-1.2955136709853928e-05,-1.0765962688434106e-07,-2.326494477192082e-07,0,a
0.0457,-1.3264126908951434e-05,-2.88221489722323e-07,1.770301332005947e-07,0,a
0.0458,-1.2313419255062527e-05,3.234015190370351e-07,3.55661852368863e-07,0,a
0.0459,-1.1984932152742824e-05,9.59325930222248e-07,1.82728662214563e-07,0,a
0.046,-1.0386149118284688e-05,2.5996449692136603e-07,-4.95438754459587e-08,0,a
0.0461,-1.153352576429843e-05,1.7476989269915884e-07,-4.979358676867269e-07,0,a
0.0462,-1.1460622474645344e-05,-5.344816728379326e-07,-1.409555739506403e-07,0,a
0.0463,-1.1989594136798486e-05,-1.6290222493055482e-07,-1.2696828377631617e-07,0,a
0.0464,-1.2022232439090098e-05,-2.0613495862978974e-07,3.194457168611011e-07,0,a
0.0465,-1.207902735053471e-05,4.238554777453708e-07,2.385838202854695e-07,0,a
0.0466,-1.0718027703562373e-05,5.528492359258536e-07,1.815513041790717e-07,0,a
0.0467,-1.036368473131254e-05,3.385189539074254e-07,-1.6878879762960737e-07,0,a
0.0468,-1.1063470488812432e-05,-8.251091514345133e-08,-3.715329602931498e-07,0,a
0.0469,-1.096556044899273e-05,-5.617496449535958e-07,-4.775431209259235e-08,0,a
0.047,-1.2048933666173323e-05,1.9525601762964837e-07,4.5211434921268946e-08,0,a
0.0471,-1.0477702435923489e-05,5.3123389620355496e-08,3.2335446274840674e-07,0,a
0.0472,-1.0806190280131662e-05,4.083137432916245e-07,-7.064253177625998e-08,0,a
0.0473,-1.0823992436298453e-05,-1.6671577699131578e-08,-2.4724853600307153e-08,0,a
0.0474,-1.0527717169020882e-05,-2.1051171180565937e-08,-1.8018555054318627e-07,0,a
0.0475,-1.086934379367336e-05,-1.3224290833793437e-07,-2.354762636108384e-08,0,a
0.0476,-1.1220721161312258e-05,-8.731445678238307e-08,-1.0318549860804948e-07,0,a
0.0477,-1.078966053936803e-05,-3.306076670047144e-07,1.487732463595462e-07,0,a
0.0478,-1.1861166794687505e-05,3.1407683074070417e-07,-8.086198736879172e-08,0,a
0.0479,-1.0278490669090142e-05,-3.2990041888875826e-07,2.3453359973620536e-07,0,a
0.048,-1.1779361796034304e-05,3.7299313220390173e-07,-1.3610471126528659e-08,0,a
0.0481,-1.0742187398075803e-05,2.732454173611182e-07,3.9597483793976547e-07,0,a
0.0482,-9.458754417006787e-06,8.580240949305381e-07,-4.6011987722361167e-08,0,a
0.0483,-9.205289511242688e-06,2.3495716903681823e-07,-8.754984054630853e-08,0,a
0.0484,-1.0037315890965348e-05,1.059589572219256e-08,-3.5735704677472587e-07,0,a
0.0485,-9.42696672984021e-06,-2.1404704539363936e-07,-3.7205792190609327e-09,0,a
0.0486,-9.847430647423608e-06,2.2379543137963543e-07,1.1976297254016878e-07,0,a
0.0487,-9.365929596826439e-06,3.6988481334269885e-07,8.92922287577721e-08,0,a
0.0488,-8.317312289812115e-06,5.3829640879676926e-08,-4.313903654783714e-08,0,a
0.0489,-9.685941724784579e-06,9.437832173612407e-08,-2.4409370759264556e-07,0,a
0.049,-9.082794631618067e-06,-3.623963094352379e-07,1.1999833404783768e-07,0,a
0.0491,-9.404501218117825e-06,4.1382464302318995e-07,1.256967594244037e-07,0,a
0.0492,-8.444467795715009e-06,4.7146860000933523e-07,6.348417227317133e-08,0,a
0.0493,-7.668388831590063e-06,-1.7194379261572395e-07,1.5635173753061034e-08,0,a
0.0494,-9.920332595964997e-06,4.607301642823731e-07,-1.7886702960189016e-07,0,a
0.0495,-7.062277302867891e-06,-6.51324887963352e-08,2.3175461174844127e-07,0,a
0.0496,-7.863786297979068e-06,5.233200426295998e-07,-2.713613922145268e-07,0,a
0.0497,-8.350372468076198e-06,-3.5335401236120737e-07,-4.700095445987353e-08,0,a
0.0498,-8.122339339951512e-06,-2.061353521759558e-07,-2.1946354854926133e-08,0,a
0.0499,-8.482192354506934e-06,4.574809780648214e-07,2.3217818359619794e-08,0,a
0.05,-6.977929533881735e-06,-2.83700557282348e-07,1.5159911729167824e-07,0,a
0.0501,-8.973441011798556e-06,2.486619996990789e-07,-1.5287041918211907e-07,0,a
0.0502,-7.736206355409697e-06,-1.1302794815358123e-09,2.8468949575770174e-07,0,a
0.0503,-6.981320372326344e-06,5.703679299907572e-07,-7.422196089348209e-08,0,a
0.0504,-7.262337221826282e-06,2.599611701863265e-08,9.701483998459774e-09,0,a
0.0505,-7.6582180043538e-06,2.7974172513843536e-08,-2.180969431882893e-07,0,a
0.0506,-6.8973978547848144e-06,-8.392289957411079e-08,-2.2228625635880706e-08,0,a
0.0507,-7.514105920548614e-06,-4.0689759889009467e-08,1.5258978436753912e-08,0,a
0.0508,-7.780287284020828e-06,7.375110782410527e-08,4.657691709569607e-08,0,a
0.0509,-6.676144531312498e-06,5.5807851712977445e-08,1.2541391564205012e-07,0,a
0.051,-7.346682365409681e-06,3.3555198703714093e-07,-1.6021750240276634e-07,0,a
0.0511,-6.773631322909407e-06,-4.069013993841938e-07,-1.2247394027837993e-09,0,a
0.0512,-7.896848729465079e-06,5.213363350462605e-08,-1.1411128190593003e-07,0,a
0.0513,-7.190281464895801e-06,-6.781858680649129e-09,2.2346609141355776e-07,0,a
0.0514,-6.793976898951355e-06,2.6349687485647947e-07,9.767534844138394e-08,0,a
0.0515,-7.106358104895641e-06,3.4515967882877785e-07,-3.4709000810164194e-08,0,a
0.0516,-6.154802428409467e-06,-1.1090886111114166e-07,6.88529024706442e-08,0,a
0.0517,-7.1267034822847805e-06,4.70055582268412e-07,4.144345548453635e-08,0,a
0.0518,-5.6961913580904055e-06,4.694900452823869e-07,8.632526750001238e-08,0,a
0.0519,-4.746332292562307e-06,1.4806694138889543e-07,-1.3883624445055776e-07,0,a
0.052,-6.6825026581180926e-06,5.3546848916738783e-08,-3.17090650017003e-07,0,a
0.0521,-5.53555081134019e-06,-4.81781904768622e-07,9.23060975463321e-08,0,a
0.0522,-6.191678006868174e-06,4.249852340278917e-07,-9.696846043828636e-08,0,a
0.0523,-5.407546956034417e-06,-2.3735853239812028e-07,2.977346946096405e-07,0,a
0.0524,-6.24762640853455e-06,4.114221790602995e-07,-5.712596658958344e-08,0,a
0.0525,-4.957411469687275e-06,2.536073342591414e-07,3.466662118209482e-07,0,a
0.0526,-4.646724953256994e-06,8.026401030647244e-07,-2.092902753920045e-07,0,a
0.0527,-3.839706099340376e-06,-2.1644864711571415e-07,-2.6208410233634295e-07,0,a
0.0528,-5.6067574110344175e-06,-5.326449727498874e-07,-3.309837231126099e-07,0,a
0.0529,-6.244659871506656e-06,-1.9031106627310525e-07,7.765964506940715e-08,0,a
0.053,-4.410639298159692e-06,1.653028809250737e-08,3.5076378555243184e-07,0,a
0.0531,-5.557166546756896e-06,5.196463839074081e-07,4.803814225277182e-09,0,a
0.0532,-4.685720719784431e-06,-1.7589962359727373e-07,4.459901177319116e-08,0,a
0.0533,-4.938338168951513e-06,1.5032732341208087e-07,-1.4034308325928003e-07,0,a
0.0534,-5.1061845765206545e-06,9.861713412956798e-08,9.941740345218259e-08,0,a
0.0535,-4.389869317395726e-06,1.2235258675927403e-07,-3.29665675725617e-08,0,a
0.0536,-4.571280408673692e-06,5.1427620694395784e-08,6.875731120408041e-09,0,a
0.0537,-4.951901714437466e-06,1.192443274907921e-07,-3.7658291667402064e-10,0,a
0.0538,-4.0321363349233495e-06,1.2122283800925198e-07,8.298144419291732e-08,0,a
0.0539,-4.207611894645937e-06,3.003719532731477e-07,-3.423795490898479e-08,0,a
0.054,-4.050785854618023e-06,1.6530462763837727e-08,-1.1623064113422034e-07,0,a
0.0541,-3.982544946631836e-06,-2.2746908539340903e-07,-1.62006716587982e-07,0,a
0.0542,-4.890019150826164e-06,-1.856481964907983e-07,1.8461317050938676e-08,0,a
0.0543,-4.607730444090418e-06,7.191441391665374e-08,1.9728100030086643e-07,0,a
0.0544,-3.7668017048818743e-06,3.6437391550919024e-07,-9.136584280826068e-09,0,a
0.0545,-3.796897404298593e-06,-2.130579493332765e-07,4.817808613733074e-08,0,a
0.0546,-5.246904292090248e-06,2.1644867232864593e-07,-7.728275221448872e-08,0,a
0.0547,-3.1174556878959365e-06,1.3252565886572411e-07,2.858196870092477e-07,0,a
0.0548,-3.3993204277014207e-06,6.444011116944667e-07,-3.426635191650931e-07,0,a
0.0549,-3.3137009570068484e-06,-8.115418851666334e-07,-5.971641669285588e-08,0,a
0.055,-5.552081343395836e-06,-4.662359121284353e-08,-2.3538082318053083e-07,0,a
0.0551,-3.539191201339952e-06,-6.174135784712588e-08,4.942154310432203e-07,0,a
0.0552,-3.498925030548226e-06,6.711044079630276e-07,1.8225518177426e-08,0,a
0.0553,-3.5387681195067535e-06,8.052963319434465e-09,2.2643274450611232e-07,0,a
0.0554,-3.515032311381648e-06,6.175568756712111e-07,-2.465897100015807e-07,0,a
0.0555,-1.6462544035345927e-06,-6.866472204171469e-08,1.4232130429167432e-07,0,a
0.0556,-3.744762285631898e-06,4.3501687619445747e-07,-2.977817840246645e-07,0,a
0.0557,-2.2099816827982755e-06,-2.7578847640278247e-07,2.184268845509608e-07,0,a
0.0558,-2.4736198327429405e-06,5.866159316111676e-07,-1.4246245470835997e-07,0,a
0.0559,-1.9849144907983947e-06,7.629512069377556e-09,2.7786083604931004e-08,0,a
0.056,-2.1870931465901432e-06,-1.9243022558798942e-07,-1.9695147158183462e-07,0,a
0.0561,-3.0509105095069083e-06,-4.238483134336295e-09,-8.218102409253243e-08,0,a
0.0562,-1.997629940201403e-06,-2.3891356020821977e-07,1.2367153631946155e-07,0,a
0.0563,-2.9038338272148034e-06,1.785843833703953e-07,8.411161619603458e-08,0,a
0.0564,-2.515157359395722e-06,2.4809636545376746e-07,1.79761962577081e-07,0,a
0.0565,-1.2533408438401004e-06,3.0037232752302316e-07,-1.4340444187658094e-07,0,a
0.0566,-2.0027168446457347e-06,-2.516289422593475e-07,-2.612360845123649e-07,0,a
0.0567,-3.2700441861737637e-06,-5.356118880833272e-07,-2.1018519448761438e-07,0,a
0.0568,-2.860176508090082e-06,-3.3018325593982007e-07,1.4227411991212444e-07,0,a
0.0569,-2.993266612465195e-06,1.7519341747702585e-07,2.3721783999071435e-07,0,a
0.057,-2.744463933742686e-06,1.7604163188881583e-07,2.9660460376698406e-07,0,a
0.0571,-2.3320516124236354e-06,5.596305553611322e-07,1.953503030709126e-07,0,a
0.0572,-1.3143749463817984e-06,7.612443266897636e-07,-2.9905520987578354e-08,0,a
0.0573,-4.6073095367339504e-07,8.632506892608082e-08,-8.317019821449886e-08,0,a
0.0574,-2.073076405645393e-06,3.101199607176355e-07,-3.6531624735338906e-07,0,a
0.0575,-3.8401506422889166e-07,-3.3470441537040367e-07,1.5809802149837535e-07,0,a
0.0576,-1.4648441997846065e-06,5.606191334212069e-07,-2.0660543888430694e-07,0,a
0.0577,-3.912190053817721e-07,-3.096963559352853e-07,1.8885102067904913e-07,0,a
0.0578,-1.3131041320347473e-06,2.318486466667437e-07,-7.973184416046093e-08,0,a
0.0579,-7.692982597843755e-07,3.214236009398241e-07,1.770299094923464e-07,0,a
0.058,5.730517974377001e-07,2.2139337254175375e-07,-5.8350649757743196e-08,0,a
0.0581,-6.489240144094861e-07,5.679669739351421e-08,-3.2132931522069024e-07,0,a
0.0582,-5.989081676038328e-07,-6.425643447222467e-07,1.0361161791609104e-08,0,a
0.0583,-1.3546412367290402e-06,2.5247685791658105e-07,-2.5054659157439287e-08,0,a
0.0584,1.0850655934025702e-07,-1.836728007880361e-08,3.2872313872686957e-07,0,a
0.0585,-6.540100078402435e-07,3.436050714583618e-07,-1.3553956618361127e-07,0,a
0.0586,-3.2382602235395466e-07,-1.541418406342527e-07,4.67184153379598e-08,0,a
0.0587,-3.539189625625011e-07,1.2178796593507579e-07,-6.404915896608116e-08,0,a
0.0588,-2.886461100350162e-07,1.514575945601183e-07,3.99835145740941e-08,0,a
0.0589,1.305467613264003e-07,-3.4191296911970364e-08,9.79105880340394e-08,0,a
0.059,-4.5649285329841225e-07,4.1551973003719394e-07,-1.448172417823831e-07,0,a
0.0591,9.579130800765656e-07,-2.82994130787031e-07,9.277889160444948e-09,0,a
0.0592,-7.184356310346927e-07,-6.357629430635482e-09,-2.9118856975777187e-07,0,a
0.0593,-4.755657415903187e-07,-4.5804597923612174e-07,2.1098574501541323e-08,0,a
0.0594,-4.1622485763179954e-07,-2.1969840728240685e-07,9.324676152829733e-09,0,a
0.0595,-1.3775308528819134e-06,2.1616399027853637e-08,3.824113991512248e-07,0,a
0.0596,-4.107165445067578e-07,6.891882182175525e-07,2.267156327129618e-07,0,a
0.0597,1.6513397970208582e-06,4.604484908564784e-07,2.999969865274275e-08,0,a
0.0598,3.814619687521879e-09,1.1161549498608204e-07,-4.136354523734471e-07,0,a
0.0599,-7.587005954851176e-08,-5.517181389027889e-07,-9.094061394289826e-08,0,a
0.06,-3.814619687508326e-09,1.8762664902778365e-07,2.1560088708949137e-07,0,a
0.0601,5.666945667708728e-07,7.584181562545562e-07,2.701369096774957e-07,0,a
0.0602,2.1993844092151567e-06,2.586925901296982e-07,6.150590960338965e-08,0,a
0.0603,7.722631507015861e-07,3.721443778379527e-07,-3.346571556542874e-07,0,a
0.0604,1.6831277002847311e-06,-2.4555331070830617e-07,-1.5984031314815676e-07,0,a
0.0605,1.462724477090238e-06,-2.2082834931477215e-07,-2.5035683893209633e-07,0,a
0.0606,1.0977810275727008e-07,-3.789261389583363e-07,-1.0926101442874668e-08,0,a
0.0607,5.46349283409722e-07,-2.7833161503693017e-07,1.407670482700038e-07,0,a
0.0608,6.277296319794474e-07,2.014727954952392e-07,3.6121866393519983e-07,0,a
0.0609,7.141964892429877e-07,7.047298528472632e-07,2.2511424431782815e-07,0,a
0.061,2.660538841951512e-06,3.970111179165542e-07,-5.183119397576125e-10,0,a
0.0611,1.81876298572911e-06,1.9991785967596646e-07,-3.281110409413488e-07,0,a
0.0612,1.3139500682708872e-06,-2.796032699767833e-07,-2.7489380504930275e-07,0,a
0.0613,1.8217290320211616e-06,-4.27670297231354e-07,3.635761830712129e-08,0,a
0.0614,5.357520940350478e-07,3.089907145973303e-07,3.023497509564956e-08,0,a
0.0615,2.2409222120628783e-06,-1.8889834468983457e-07,2.324140169628915e-07,0,a
0.0616,1.2550339979516579e-06,2.695717536573205e-07,-2.2153499874390157e-07,0,a
0.0617,1.344467355007009e-06,-3.556142816343744e-07,1.7481689240124044e-07,0,a
0.0618,1.1740793671597552e-06,3.3555233251388674e-07,2.3265158509309987e-08,0,a
0.0619,2.2616909954933183e-06,3.3936722918525045e-07,2.562438457253663e-07,0,a
0.062,2.3625690425627604e-06,4.131172555417245e-07,-2.85867403133069e-08,0,a
0.0621,2.4134311337849283e-06,2.4979211157396604e-07,-1.4585343095684132e-07,0,a
0.0622,3.0110673302152172e-06,-9.819306368527348e-08,-2.284578939336516e-07,0,a
0.0623,2.067989851506939e-06,-2.7225642625923023e-07,-3.1327606120826445e-07,0,a
0.0624,1.5966618550072384e-06,-6.900360720508272e-07,8.34994119753541e-08,0,a
0.0625,9.409591140627352e-07,1.5230517224078873e-07,1.609708103965784e-07,0,a
0.0626,2.5249053682293055e-06,2.106560049305051e-07,3.618308212977684e-07,0,a
0.0627,2.2286298697987537e-06,3.95456391842478e-07,2.943432911880193e-08,0,a
0.0628,2.127328289590169e-06,2.4060815959719457e-07,-5.5713211339490264e-08,0,a
0.0629,3.246729847020889e-06,4.3516370912034225e-08,-3.22599869227565e-08,0,a
0.063,2.359178982534857e-06,2.986764310742085e-07,-1.1858508562961076e-07,0,a
0.0631,3.0233575828127944e-06,-1.151470972916377e-07,1.1849072881018284e-07,0,a
0.0632,2.9012885551459757e-06,3.989885573425827e-07,-9.579103687044208e-08,0,a
0.0633,3.5561446545626045e-06,1.1303320462882305e-08,-9.687462176700996e-08,0,a
0.0634,3.0572675442014417e-06,-4.057709625926676e-07,-7.54460854706504e-08,0,a
0.0635,1.6839756673679734e-06,1.7265030093063148e-07,7.365657413428075e-08,0,a
0.0636,4.074095557354498e-06,2.3227304286572455e-07,4.818764619105495e-07,0,a
0.0637,3.754086672798616e-06,1.0398584231389808e-06,-2.9622635270079578e-08,0,a
0.0638,4.803550936784917e-06,8.378239512039274e-08,-1.0007725187499378e-07,0,a
0.0639,4.3254427427156755e-06,-6.79587127592568e-08,-4.3977344703090493e-07,0,a
0.064,3.5502105345208454e-06,-2.7946191795373396e-07,-2.485677171034254e-07,0,a
0.0641,3.9651651829237156e-06,-6.619207561898835e-07,-1.940291445060031e-08,0,a
0.0642,2.339680474146024e-06,-1.2616745611105773e-07,3.9889591617291957e-08,0,a
0.0643,3.171708166187672e-06,-1.597931431018582e-07,3.0804857150310577e-07,0,a
0.0644,3.485785753618141e-06,2.622249583194338e-07,2.3199012560952928e-07,0,a
0.0645,3.1263553491043256e-06,5.698029207175301e-07,1.7552306441357072e-07,0,a
0.0646,4.8811169283402635e-06,3.6677605013885387e-07,-1.770300710555687e-07,0,a
0.0647,4.5861139040347026e-06,-2.688652548472723e-07,-2.9707549807866727e-07,0,a
0.0648,2.319759584562508e-06,-3.214235735184717e-07,-3.8194132083316775e-08,0,a
0.0649,3.916846207784848e-06,2.5219365388890353e-07,2.902465395663661e-07,0,a
0.065,5.342694865701414e-06,6.018743638518259e-07,1.2899327556323857e-07,0,a
0.0651,4.1253826761179855e-06,6.55562531712441e-08,-1.1133256100002295e-07,0,a
0.0652,4.11351496729858e-06,-8.180402911116535e-08,-1.214109999181724e-07,0,a
0.0653,5.097282778367917e-06,2.376413640973086e-07,-1.4740825972187935e-08,0,a
0.0654,4.838306768409913e-06,2.1333775254680284e-08,-3.612195262495429e-08,0,a
0.0655,4.177516293062621e-06,-1.9016988698602822e-07,-1.3191315958183238e-07,0,a
0.0656,4.52677311740983e-06,-1.5809811464818853e-07,-2.9716892669790224e-08,0,a
0.0657,4.3640124244653474e-06,-6.781690275469039e-08,1.1062633567282344e-07,0,a
0.0658,3.974065584798551e-06,1.417091200324421e-07,2.901068616668317e-08,0,a
0.0659,4.951900477507156e-06,-7.106605614813902e-08,2.120218801929486e-07,0,a
0.066,4.150814256020932e-06,5.682487378241554e-07,-1.783960220123879e-07,0,a
0.0661,5.678811798271016e-06,-3.9347894600472156e-07,1.4227383479935945e-07,0,a
0.0662,3.7714636394929903e-06,3.557554482499393e-07,-1.69871765200643e-07,0,a
0.0663,5.218080600770751e-06,5.8633442222226434e-08,2.405142520972855e-07,0,a
0.0664,5.854712124937695e-06,3.2806381028713495e-07,-5.0862439253029494e-08,0,a
0.0665,4.755655070354397e-06,2.0316813049085075e-07,-4.247977060340436e-08,0,a
0.0666,5.827584992243303e-06,-6.880586958798665e-08,-7.276174971458201e-08,0,a
0.0667,5.648294516173735e-06,1.0977856114338896e-07,-1.9290123769913777e-07,0,a
0.0668,5.084990753784563e-06,-3.7553558260656257e-07,6.89471431435124e-08,0,a
0.0669,4.700978244423616e-06,1.3803555984255058e-07,-8.816199304314865e-08,0,a
0.067,6.0624011957013864e-06,-1.5470741798605698e-07,3.4176854777009884e-07,0,a
0.0671,4.620868499826391e-06,6.49770060703734e-07,-9.88995128286729e-08,0,a
0.0672,6.650288426534818e-06,-1.5866297864346808e-07,2.3872484972681136e-07,0,a
0.0673,5.586412259770982e-06,5.61467131194377e-07,-3.2806404125620977e-07,0,a
0.0674,6.305269893409523e-06,-3.3442206306489524e-07,1.5644962884104604e-07,0,a
0.0675,5.6470222373401316e-06,3.1068590787967004e-07,-1.0337363878236003e-07,0,a
0.0676,6.518469983409992e-06,2.5134621484729697e-07,1.0459834007568366e-07,0,a
0.0677,7.059308537951415e-06,-2.0627042837844238e-08,-5.872766164663677e-08,0,a
0.0678,5.585141108826597e-06,1.3450292293975971e-07,-2.0340331917283205e-07,0,a
0.0679,6.9219787522292715e-06,-3.588637426711991e-07,1.0125413802931008e-07,0,a
0.068,5.982717309937818e-06,2.83135371250086e-07,-1.698715947175845e-07,0,a
0.0681,6.434547222576856e-06,-3.751118612129938e-07,2.083952962761861e-07,0,a
0.0682,5.796643168590289e-06,2.663221461573592e-07,-8.543063449078446e-08,0,a
0.0683,6.781683748409896e-06,2.6843467777732653e-08,3.3484576200463585e-07,0,a
0.0684,6.515077625910055e-06,6.294254248009139e-07,-7.813054686730842e-08,0,a
0.0685,7.68491944299303e-06,3.193050555543389e-08,9.753429691820173e-08,0,a
0.0686,6.8774752650761976e-06,3.1944635853233786e-07,-2.862908519706462e-07,0,a
0.0687,7.4734167015070685e-06,-2.2944713111102469e-07,8.632511630406998e-08,0,a
0.0688,6.996578049659956e-06,2.909058544676438e-07,-1.691187519691243e-07,0,a
0.0689,7.750192828479128e-06,-1.87909897375035e-07,2.119747664197113e-07,0,a
0.069,6.909687009381964e-06,4.0647716814810924e-07,-4.26681065355016e-08,0,a
0.0691,8.216009554104284e-06,1.6290153486113903e-07,7.912231694470841e-09,0,a
0.0692,8.238897433062547e-06,-1.6417320229162247e-07,-2.2972950760031238e-07,0,a
0.0693,6.417167402507095e-06,-2.8271135465282794e-07,-1.8409435304474999e-07,0,a
0.0694,7.367875490145799e-06,-3.893815242731109e-07,1.729800292978243e-07,0,a
0.0695,7.070752860243214e-06,3.547668856018504e-07,1.2842806058184363e-07,0,a
0.0696,7.481468059312647e-06,1.0257282709270297e-07,2.1682557896447818e-07,0,a
0.0697,7.675593971423909e-06,2.6109521262032365e-07,-2.0166085365278743e-07,0,a
0.0698,7.854038498104183e-06,-2.502156753565119e-07,-1.9591496652845832e-08,0,a
0.0699,6.730821033243113e-06,4.379833713416548e-08,-8.119208109721453e-08,0,a
0.07,7.806988982826405e-06,1.751896932868005e-08,2.8181645391360483e-07,0,a
0.0701,7.906595406090224e-06,5.952336863843025e-07,3.6875433152809005e-08,0,a
0.0702,8.51652209239602e-06,1.5442463659259247e-07,7.050139518674078e-08,0,a
0.0703,8.270262892604184e-06,2.290231548889024e-07,-1.7641773658027457e-07,0,a
0.0704,8.593664870756931e-06,6.598047664347885e-08,1.4674811477468326e-07,0,a
0.0705,8.714463522326456e-06,5.946689809166422e-07,5.571329747686389e-08,0,a
0.0706,1.005426983535411e-05,3.9616304731949406e-07,-8.029714682558387e-08,0,a
0.0707,9.782154012715411e-06,-1.7491096383327276e-07,-2.901524016635394e-07,0,a
0.0708,8.189730630826638e-06,-2.7578822407397607e-07,-3.949388576559164e-07,0,a
0.0709,9.226905163132181e-06,-7.886535256482551e-07,1.220231647021041e-07,0,a
0.071,7.416193435770648e-06,1.9115853027303947e-07,3.480313891508381e-08,0,a
0.0711,8.763206221645755e-06,-1.7137880732872465e-07,4.161790158488356e-07,0,a
0.0712,8.71276874114601e-06,4.5988352189825163e-07,-6.696902279622398e-08,0,a
0.0713,8.795844001465403e-06,-9.748538115632473e-09,1.252255462129327e-07,0,a
0.0714,8.733960607298857e-06,2.0429783131007353e-07,-1.5729763291053024e-07,0,a
0.0715,9.325662235076228e-06,-1.200937683333915e-08,-5.029748623769159e-08,0,a
0.0716,8.759815870965387e-06,-1.6064099682870723e-07,-2.9292864965958027e-08,0,a
0.0717,8.252037616812736e-06,1.1641923641219944e-07,8.674909217592381e-08,0,a
0.0718,9.674919944312828e-06,2.482378996944323e-07,2.1277523252003036e-07,0,a
0.0719,9.504529570048684e-06,4.776847007313838e-07,-3.8571045049450776e-08,0,a
0.072,9.685091719006887e-06,7.061012638472184e-10,-1.1811429159258032e-07,0,a
0.0721,9.677038248104366e-06,-1.0610497508330873e-07,-3.8825139327309536e-07,0,a
0.0722,9.186214644798758e-06,-6.870694790879022e-07,-4.144121895062736e-09,0,a
0.0723,7.623883281743182e-06,-1.1726264421341095e-08,2.2233566924536178e-07,0,a
0.0724,9.641859454840343e-06,5.609020326527767e-07,4.134944930138589e-07,0,a
0.0725,1.0868920742757088e-05,5.534139999536745e-07,1.2145794817748125e-07,0,a
0.0726,9.284125281604204e-06,3.526475801111028e-07,-3.210941606959987e-07,0,a
0.0727,1.0699802195173651e-05,-4.0238044943521937e-07,-8.849170852929458e-08,0,a
0.0728,9.661779394451431e-06,2.8793887436579077e-07,-1.416147582731574e-07,0,a
0.0729,1.0147941904701576e-05,-7.219669470836941e-08,2.903881206142332e-07,0,a
0.073,1.0483212111048541e-05,4.687839124074802e-07,-2.8256269614474e-09,0,a
0.0731,1.1068131131673875e-05,2.7946199348144857e-07,2.1918026737192346e-07,0,a
0.0732,1.098632788514592e-05,5.85344107407401e-07,-1.0497477249234125e-07,0,a
0.0733,1.2239244433270746e-05,1.5385959493045647e-07,-1.0601095184722148e-07,0,a
0.0734,1.1529709916465245e-05,-3.85708620602159e-08,-4.14766050987625e-07,0,a
0.0735,1.0870615298965271e-05,-6.589540455554741e-07,-2.828998003471755e-07,0,a
0.0736,1.0262382296604324e-05,-6.9483980611107e-07,2.6184739699080775e-08,0,a
0.0737,9.445190498132034e-06,3.9983357037026476e-08,3.9103028278547424e-07,0,a
0.0738,1.0990565370076352e-05,5.141368028009486e-07,4.0143789270060033e-07,0,a
0.0739,1.180479270500717e-05,5.09473871990731e-07,1.101555027963075e-07,0,a
0.074,1.0973612114104227e-05,3.7044986542594897e-07,-2.71597114748489e-07,0,a
0.0741,1.2101914966354199e-05,-3.0065454144451833e-07,6.70634311342624e-08,0,a
0.0742,1.0902829080673613e-05,7.106641653935181e-07,-2.3005931931173812e-07,0,a
0.0743,1.3105604610284782e-05,-3.1972809250926536e-07,2.4762558256790543e-07,0,a
0.0744,1.1142730688826403e-05,4.4222220625919807e-07,-3.5250644448302275e-07,0,a
0.0745,1.2229495699451207e-05,-3.4685516805555013e-07,5.232251639972049e-08,0,a
0.0746,1.2065039106118131e-05,-1.6276054331010392e-07,-2.2426650355551002e-07,0,a
0.0747,1.065444905889609e-05,-2.30577304407332e-07,8.665483476851224e-08,0,a
0.0748,1.1537763786229211e-05,-8.689066375001345e-08,3.678130048915305e-08,0,a
0.0749,1.1804367114868091e-05,-5.2416641842644715e-08,1.8602472591039608e-08,0,a
0.075,1.0497199133368159e-05,-1.747698866342132e-07,2.8728292345709408e-08,0,a
0.0751,1.1013454126326568e-05,-7.057867128852402e-10,9.499062150621961e-08,0,a
0.0752,1.1802249754729437e-05,2.3255522267601413e-07,2.557732004876324e-07,0,a
0.0753,1.11948648013962e-05,5.925497148286841e-07,-4.092586414357234e-08,0,a
0.0754,1.2791103270812624e-05,-1.2348337914360228e-07,-1.2715808796345845e-08,0,a
0.0755,1.143179961729863e-05,1.9440779628697657e-07,-1.4298040375927415e-07,0,a
0.0756,1.1778088190257128e-05,1.6360850355086157e-07,2.020377679861592e-07,0,a
0.0757,1.3281928781465207e-05,4.826299248148753e-07,-2.0820678784567815e-07,0,a
0.0758,1.287968939174326e-05,-4.3021256725005776e-07,-1.8235218384870895e-07,0,a
0.0759,1.0487450488506954e-05,-3.834480479952653e-07,-2.3307349580715e-07,0,a
0.076,1.2131584637479409e-05,-2.1659056260657473e-07,3.1275790253706464e-07,0,a
0.0761,1.2229917703923535e-05,5.080611403611362e-07,3.494468466041821e-08,0,a
0.0762,1.2011633909590365e-05,-2.786139940140107e-07,1.3845967316520633e-07,0,a
0.0763,1.1295742655437377e-05,1.9878845688904425e-07,-1.1010826917131352e-07,0,a
0.0764,1.2826283074590666e-05,1.7773633284719567e-07,1.8202210114669002e-07,0,a
0.0765,1.2544842908131952e-05,2.6745230942605936e-07,-1.5192870418680197e-07,0,a
0.0766,1.2098099583715553e-05,-2.569976556713616e-07,-2.3170736053239918e-07,0,a
0.0767,1.2055290107576585e-05,-5.173857487500018e-07,2.0910264138848233e-08,0,a
0.0768,1.0992685661881946e-05,3.3018310184260406e-07,2.3029467943675164e-07,0,a
0.0769,1.3088648889243364e-05,4.338863826388934e-07,4.6496912362659544e-07,0,a
0.077,1.3356949255493267e-05,8.775216221297844e-07,-2.758826165910783e-07,0,a
0.0771,1.3625250528271298e-05,-4.974647479306309e-07,-4.046404253549547e-07,0,a
0.0772,1.159625464545147e-05,-7.800348934259707e-07,-3.316902378318556e-07,0,a
0.0773,1.1016844575215358e-05,-1.1754909136578231e-07,2.538422473164125e-07,0,a
0.0774,1.3272603254173947e-05,2.640619940186065e-07,4.374658103210313e-07,0,a
0.0775,1.238844062750729e-05,5.323625375371232e-07,-1.6200771010833304e-08,0,a
0.0776,1.261393218782673e-05,-1.661514043982822e-07,-1.6087654609572728e-07,0,a
0.0777,1.27741490409791e-05,-2.1856764426857536e-07,-8.382934419141132e-08,0,a
0.0778,1.1732737694701564e-05,2.8087450496288925e-07,2.7833284838011487e-08,0,a
0.0779,1.3456555702715399e-05,-8.265154988424773e-08,1.8668438366357693e-07,0,a
0.078,1.2526194391326354e-05,3.414855067221555e-07,-1.5338829393362245e-07,0,a
0.0781,1.2757194214868031e-05,-1.792903768379781e-07,2.326489414354601e-08,0,a
0.0782,1.2918684572201464e-05,-1.285686745360969e-08,-1.3902438212496968e-07,0,a
0.0783,1.2487623788965527e-05,-7.558763965275357e-08,1.8894500678087035e-07,0,a
0.0784,1.253043129590977e-05,3.8754464350463295e-07,9.984132963730002e-08,0,a
0.0785,1.4081318502715361e-05,2.8666712145829035e-07,1.6346699349229692e-07,0,a
0.0786,1.3347625153340396e-05,4.1481334082413716e-07,-2.4715464803087383e-07,0,a
0.0787,1.3774871318382185e-05,-3.539193005879885e-07,-2.619894770061424e-07,0,a
0.0788,1.3019560600951394e-05,-4.99301309560137e-07,-5.6466904978431654e-08,0,a
0.0789,1.1849721224659985e-05,2.4541262588884225e-07,1.749581422746801e-07,0,a
0.079,1.4511109196048712e-05,1.7095512623605177e-07,3.086606817808193e-07,0,a
0.0791,1.3532425979659551e-05,4.266807357823211e-07,-1.0130174629935536e-07,0,a
0.0792,1.3129763432006945e-05,-5.8492613009223916e-08,2.1522418904364432e-08,0,a
0.0793,1.4335631357021043e-05,2.355223829491451e-07,4.2150181993934253e-08,0,a
0.0794,1.4238993128506985e-05,5.531312817641238e-07,-1.9506734604169207e-07,0,a
0.0795,1.4789157277299315e-05,-6.436946511343001e-07,-2.609536260694732e-07,0,a
0.0796,1.2404547403618147e-05,-5.473384952592745e-07,-2.0783045095846558e-07,0,a
0.0797,1.2596977642729161e-05,-7.036007111127291e-08,4.109039595709764e-07,0,a
0.0798,1.4578077063965494e-05,5.890172275786291e-07,3.5665064771605113e-07,0,a
0.0799,1.4171599086354035e-05,5.22613447888879e-07,1.384584393522082e-08,0,a
0.08,1.4164817986395797e-05,-2.8822539305610508e-08,-1.2291782840889105e-07,0,a
0.0801,1.4491609446048661e-05,2.2026374235195596e-07,-2.0410991927777354e-07,0,a
0.0802,1.4832390313409905e-05,-8.971630994444167e-08,-9.070487713729774e-08,0,a
0.0803,1.3895669056562473e-05,-3.009371707175037e-07,-1.3549255766671243e-07,0,a
0.0804,1.3588797933896148e-05,-1.862139306481813e-07,2.780494025355233e-07,0,a
0.0805,1.4273748521465361e-05,7.444318976621282e-07,2.6401474320672675e-07,0,a
0.0806,1.6128964749548856e-05,4.911070589026765e-07,6.922975624232232e-08,0,a
0.0807,1.5062119110604178e-05,2.1475338078785744e-08,-3.817528275880056e-07,0,a
0.0808,1.4338174535701718e-05,-4.0082658510188856e-07,-1.454766472113663e-07,0,a
0.0809,1.492648499424319e-05,5.467711726857761e-08,-5.453604604171415e-08,0,a
0.081,1.5226150462409912e-05,-1.421328000463567e-07,1.9987168514355014e-07,0,a
0.0811,1.3911776135562648e-05,1.9878847032876187e-07,-2.2040388314852945e-08,0,a
0.0812,1.5522850405229476e-05,-1.1444047675981226e-08,5.1239424567914736e-08,0,a
0.0813,1.5191818319381967e-05,1.1585473657387514e-08,-1.4439347150775965e-07,0,a
0.0814,1.3946532556534813e-05,-2.3439194419451713e-07,4.860217850002717e-08,0,a
0.0815,1.4819674572645926e-05,1.3436248782410029e-07,1.5343540319910823e-07,0,a
0.0816,1.5594905782854266e-05,4.718916832547122e-07,2.5266473811115605e-07,0,a
0.0817,1.5362207606298946e-05,5.23602270138951e-07,-1.328080609568029e-07,0,a
0.0818,1.6390481383062783e-05,-2.6406169504630835e-07,-1.321954218997332e-07,0,a
0.0819,1.4802720697715338e-05,7.530541755551258e-08,-2.8012099669755917e-07,0,a
0.082,1.558812385896549e-05,-3.167607199537265e-07,1.580037036450609e-07,0,a
0.0821,1.5440199223201603e-05,2.0994941588887436e-07,-3.598069315120531e-08,0,a
0.0822,1.5432568945381954e-05,-3.2636661898103334e-08,2.4927378596450046e-07,0,a
0.0823,1.549021387327118e-05,4.3106063793977483e-07,-2.9481314902775416e-08,0,a
0.0824,1.6733381137020935e-05,1.215054711805481e-07,9.159974020058628e-08,0,a
0.0825,1.5797085358923595e-05,2.421625587036556e-07,-2.9848827312498326e-07,0,a
0.0826,1.6216701549382147e-05,-4.64404181435175e-07,-1.1397214783946636e-08,0,a
0.0827,1.534016859271541e-05,8.73138268287082e-08,-2.0274408547838396e-07,0,a
0.0828,1.605902683940972e-05,-3.6606969773149623e-07,3.285821411496908e-07,0,a
0.0829,1.5118492456187658e-05,5.213422420138974e-07,-9.979418076696936e-08,0,a
0.083,1.6904195318757105e-05,-2.1206871547219987e-07,2.7150279688271844e-07,0,a
0.0831,1.5422820692993113e-05,4.4843869291665903e-07,-3.294298266203736e-07,0,a
0.0832,1.646380853493764e-05,-4.669472378472234e-07,2.64014769555537e-07,0,a
0.0833,1.550335360521543e-05,5.799755931944113e-07,-1.3737612280092203e-07,0,a
0.0834,1.716274747257635e-05,3.6310324513892927e-08,3.0267977661266316e-07,0,a
0.0835,1.6572739508479318e-05,4.410920919907661e-07,-3.464782752669168e-07,0,a
0.0836,1.6826629881187726e-05,-4.5945923260633914e-07,-2.6985444896450084e-07,0,a
0.0837,1.578436977475734e-05,-7.732530223796096e-07,-2.4960369750772534e-07,0,a
0.0838,1.4252980441340485e-05,-3.077190005324101e-07,1.3356151600452727e-07,0,a
0.0839,1.59034728795905e-05,-5.8774684592757296e-08,5.295835108687779e-07,0,a
0.084,1.5608045720979063e-05,8.154975102267242e-07,1.645029847175512e-07,0,a
0.0841,1.6699472972020656e-05,1.8578995362024354e-07,1.5946367481490082e-07,0,a
0.0842,1.646084274045123e-05,4.1961633985194516e-07,-2.0561695612494412e-07,0,a
0.0843,1.68668947405349e-05,1.9864664185189173e-07,1.1962003574135418e-08,0,a
0.0844,1.7295412897576335e-05,2.216759643426498e-07,-1.7745389239356277e-07,0,a
0.0845,1.7125870633479173e-05,-1.1274533732874304e-07,8.524309375006883e-09,0,a
0.0846,1.652865872854868e-05,2.2421956997691238e-07,-6.880569856018291e-08,0,a
0.0847,1.796807160750707e-05,1.5258868662101053e-08,2.9646313146763543e-07,0,a
0.0848,1.7171647239465476e-05,7.766440570741632e-07,-2.3905444062190866e-07,0,a
0.0849,1.8858590899771165e-05,-4.929437518888137e-07,7.01716782560521e-09,0,a
0.085,1.6489240351840634e-05,3.63103721389167e-08,-3.984711081266055e-07,0,a
0.0851,1.7280578355882226e-05,-4.1876926730565324e-07,2.736691598780279e-07,0,a
0.0852,1.76022830978542e-05,3.280637277452701e-07,2.4913153749983157e-08,0,a
0.0853,1.7473431535076445e-05,1.1104983338886616e-07,9.131744062192127e-08,0,a
0.0854,1.761372785604883e-05,-1.4481694543988944e-07,-1.2635592368977978e-07,0,a
0.0855,1.7167832261534524e-05,-5.100404332406927e-08,-1.2847520069751903e-07,0,a
0.0856,1.7320419405104237e-05,-2.743757687036909e-07,2.039684902284275e-07,0,a
0.0857,1.6790600549937762e-05,4.67088525245393e-07,-9.937022950772315e-08,0,a
0.0858,1.8569097837270706e-05,-3.491147318472387e-07,2.632142468456522e-07,0,a
0.0859,1.627307520956252e-05,5.152669718332658e-07,-3.365881688286961e-07,0,a
0.086,1.8336401465437556e-05,-5.426759812406953e-07,1.9808137055713886e-07,0,a
0.0861,1.6941069893548617e-05,2.451293798241778e-07,-2.781433011141692e-07,0,a
0.0862,1.7008463349035054e-05,-3.1916293150924187e-07,2.5878715459105763e-07,0,a
0.0863,1.737891267090983e-05,2.3368548253247757e-07,-2.3829999787093265e-08,0,a
0.0864,1.7642126341146053e-05,1.7363938046289804e-07,3.2085826966975705e-07,0,a
0.0865,1.7529381490423745e-05,6.434118775000292e-07,-1.8173973973615521e-07,0,a
0.0866,1.9309148303409925e-05,-3.115337366759881e-07,1.370454465743557e-08,0,a
0.0867,1.670752513111809e-05,2.1475301443520475e-07,-5.083434458796577e-07,0,a
0.0868,1.8173640533729352e-05,-8.816184601389437e-07,2.620838196975678e-07,0,a
0.0869,1.6664292922993094e-05,4.747177224167152e-07,-1.4166169173765464e-07,0,a
0.087,1.8131678298368238e-05,-2.1023206077775916e-07,4.2366661008485287e-07,0,a
0.0871,1.7542944351396075e-05,3.893813701156149e-07,-1.9779904749077533e-07,0,a
0.0872,1.783243703333994e-05,-1.186794200556108e-07,1.5739148018207704e-07,0,a
0.0873,1.7775640038201405e-05,2.61942379768472e-07,1.2527467767047722e-08,0,a
0.0874,1.8328771490701494e-05,4.269637734167581e-07,1.5065704624541123e-07,0,a
0.0875,1.9113328353590213e-05,3.332917186806228e-07,-1.6817613609255606e-07,0,a
0.0876,1.8775515194243274e-05,-2.4258602850919613e-07,-3.8627352808796015e-07,0,a
0.0877,1.76010134051739e-05,-7.318568108471223e-07,-2.255852120061804e-07,0,a
0.0878,1.6917757921048846e-05,-3.4346391733791834e-07,1.7359208397991092e-07,0,a
0.0879,1.7745123442229522e-05,2.781902234305366e-07,4.987835024737234e-07,0,a
0.088,1.8435584075465512e-05,7.644936965740478e-07,2.9321348066353256e-07,0,a
0.0881,1.9211239010770983e-05,5.361765246526796e-07,2.2323117097221576e-08,0,a
0.0882,1.9353653016187568e-05,3.4515957472220125e-07,-4.857381788039915e-07,0,a
0.0883,1.947106279963211e-05,-6.927208398379265e-07,-4.168849493055146e-07,0,a
0.0884,1.7133076491257203e-05,-7.144783232638642e-07,-1.387892345416527e-07,0,a
0.0885,1.7210218046395975e-05,-7.120812890275681e-08,3.970111357098591e-07,0,a
0.0886,1.9257438412923846e-05,4.983125672916507e-07,5.259100697654019e-07,0,a
0.0887,1.8628014193132155e-05,8.632518860323414e-07,-9.164667650775265e-08,0,a
0.0888,1.9799973704492996e-05,-3.4614815842601475e-07,-1.2800427182097984e-07,0,a
0.0889,1.8218993937645798e-05,1.1429975182871116e-07,-3.0409269875920385e-07,0,a
0.089,1.8970913448618296e-05,-4.9026210245270115e-08,2.19886576399722e-07,0,a
0.0891,1.965289507375718e-05,3.135115707731512e-07,6.456717704472618e-08,0,a
0.0892,1.9159528649965252e-05,3.0800128296288974e-07,-7.139586798152252e-08,0,a
0.0893,1.989491729750697e-05,-2.6321381418983766e-07,1.5305863319452836e-08,0,a
0.0894,1.886325363118766e-05,3.5942916073150973e-07,-7.34210989721974e-08,0,a
0.0895,2.0237816132159788e-05,8.773798604629751e-08,1.982228353966209e-07,0,a
0.0896,2.0158131255645857e-05,3.314546920000251e-07,-1.1919753011266194e-07,0,a
0.0897,1.9857617707187737e-05,1.8365703935239043e-09,-1.6502093083640905e-07,0,a
0.0898,2.0243325843340363e-05,-4.0732480646292965e-07,-2.2040482140463248e-08,0,a
0.0899,1.8936156836257065e-05,2.6533324557863534e-07,-2.8253261572361473e-10,0,a
0.09,2.065361744392364e-05,9.889725463530733e-10,2.1489461043363003e-07,0,a
0.0901,2.0246292760979422e-05,2.3735902483796044e-07,-1.3082995765578936e-07,0,a
0.0902,1.9648233910770953e-05,-1.2715662738873278e-07,3.20250558174425e-09,0,a
0.0903,2.0272147561757435e-05,1.0596489291585823e-08,3.235413366512019e-08,0,a
0.0904,2.0278082228854183e-05,3.34421425833321e-07,1.9681025566812746e-07,0,a
0.0905,2.0651498188270913e-05,4.6327413961564956e-07,-7.723604378073066e-09,0,a
0.0906,2.1661969980604377e-05,-1.257432384263327e-08,-7.205389552472077e-09,0,a
0.0907,2.0240359257326297e-05,3.128052571759047e-07,-3.4242818027003177e-07,0,a
0.0908,2.1589913959798623e-05,-5.640104011944457e-07,2.3924281779331784e-08,0,a
0.0909,1.9969938777021043e-05,5.9198521495362055e-08,-3.065415654938075e-07,0,a
0.091,2.041795482181238e-05,-6.068194393055177e-07,3.3734179191974206e-07,0,a
0.0911,1.9769455641882067e-05,4.480149745647805e-07,-3.4191014395046256e-08,0,a
0.0912,2.1313983700715385e-05,-4.3374521689776714e-08,1.753819815077023e-07,0,a
0.0913,2.0287831256743056e-05,-8.067349478241081e-08,-2.631198392391606e-07,0,a
0.0914,1.952743515753482e-05,-3.413445431527013e-07,-4.455185048150406e-08,0,a
0.0915,2.028995007125729e-05,-1.770300731342889e-07,8.067369360493662e-08,0,a
0.0916,1.9756741037340186e-05,1.613475860323991e-07,1.0586964474687015e-07,0,a
0.0917,2.0011477915632025e-05,-2.3735608912090877e-08,1.0916613389509376e-07,0,a
0.0918,2.0218743244521018e-05,1.5046832855099236e-07,-1.1783181987039074e-07,0,a
0.0919,2.0208146022993156e-05,-1.921478735787731e-07,6.428458005711649e-08,0,a
0.092,1.9435034294895712e-05,1.691181312592586e-07,-1.725089255817916e-07,0,a
0.0921,2.072609763829879e-05,-3.670584481943825e-07,2.570918320695026e-07,0,a
0.0922,1.910697067841001e-05,5.791276226297348e-07,-1.9355996853392686e-08,0,a
0.0923,2.1172417162784913e-05,1.110501406990805e-07,2.6067078398142886e-07,0,a
0.0924,2.1059248060396046e-05,4.149539037499041e-07,-2.6057680403091397e-07,0,a
0.0925,2.0351832389659718e-05,-2.026027894630071e-07,-1.238614745213763e-08,0,a
0.0926,2.0564608794395885e-05,7.38916983426676e-08,1.276298756642455e-08,0,a
0.0927,2.1280923155424045e-05,4.532428664491778e-07,5.3829537175957676e-08,0,a
0.0928,2.171156098900725e-05,-4.11141779351341e-08,-1.610647155201116e-07,0,a
0.0929,2.0441266260590497e-05,-4.0930244821766717e-07,-1.3459770907260838e-07,0,a
0.093,2.0053015810771033e-05,4.9449739231352665e-08,3.202469897991749e-08,0,a
0.0931,2.1859910206701312e-05,5.495991900461832e-08,4.136824684197726e-07,0,a
0.0932,2.060614601760435e-05,8.317449570416507e-07,-1.1524138537956914e-07,0,a
0.0933,2.2548250681895985e-05,-2.962744169073548e-07,1.817872193827789e-08,0,a
0.0934,2.0971086955979248e-05,1.0949608481945202e-07,-3.9757608141049013e-07,0,a
0.0935,2.0934634272062694e-05,-3.609832871898197e-07,8.575975193208102e-08,0,a
0.0936,2.1465300820326533e-05,-3.899516111111176e-08,1.4090825517128452e-07,0,a
0.0937,2.0854101472645913e-05,5.322208503333056e-07,2.3458032646295657e-07,0,a
0.0938,2.2531296823062607e-05,3.4275769219904996e-07,8.698479276544088e-08,0,a
0.0939,2.2493573896923693e-05,2.2195921718521088e-07,-2.735751075833088e-07,0,a
0.094,2.1519979124201545e-05,-2.8850447241662077e-07,-2.5497261505864075e-07,0,a
0.0941,2.1665783405812738e-05,-4.2216015297687234e-07,-3.3249311572552e-08,0,a
0.0942,2.122709343799308e-05,1.222112824675549e-07,1.9035828365584155e-07,0,a
0.0943,2.1886612971604214e-05,2.8257037855090384e-07,4.1005661509721663e-07,0,a
0.0944,2.2513494541465443e-05,8.080096923147775e-07,8.213381610649997e-08,0,a
0.0945,2.365112251493742e-05,3.6861273078705493e-07,-7.718879292745092e-08,0,a
0.0946,2.299245116396538e-05,5.100399976855092e-08,-3.306543420894649e-07,0,a
0.0947,2.2666506540771103e-05,-1.8395333395361708e-07,-2.612360219135744e-07,0,a
0.0948,2.3099262513076554e-05,-4.1509533495366833e-07,-2.505464226857507e-08,0,a
0.0949,2.1747165159104377e-05,-2.415992703717429e-08,-1.9271276743521216e-07,0,a
0.095,2.259402675965958e-05,-7.620916362592535e-07,2.4856741445986795e-07,0,a
0.0951,2.0812987604298787e-05,3.306069084259355e-07,-4.21028348456121e-08,0,a
0.0952,2.2738985884382193e-05,-1.5046843157401053e-07,5.130532818641887e-07,0,a
0.0953,2.2142621464937548e-05,7.770682093333125e-07,-2.3641518399708197e-08,0,a
0.0954,2.314419223229871e-05,2.5968235322681093e-07,4.412791380398992e-08,0,a
0.0955,2.3518032944062647e-05,-1.8084690162040824e-08,-3.90888920916684e-07,0,a
0.0956,2.208836739445142e-05,-3.955985534167396e-07,-1.6360825134103095e-07,0,a
0.0957,2.1957396572048495e-05,-2.3114240079628198e-07,4.723642219137784e-08,0,a
0.0958,2.282460574167379e-05,1.2362457641209272e-07,1.902169298935553e-07,0,a
0.0959,2.245924112368771e-05,1.7505223626392634e-07,1.8691993995677766e-07,0,a
0.096,2.248255328084027e-05,3.2961741907405097e-07,-1.2809812442950797e-08,0,a
0.0961,2.3813457998895933e-05,8.519513908324035e-08,-1.6958909558332133e-07,0,a
0.0962,2.271482654093744e-05,-3.337150504860377e-07,-1.969511896990807e-07,0,a
0.0963,2.148140812938215e-05,-2.612361500231911e-07,-4.841366833481631e-08,0,a
0.0964,2.3029749548826367e-05,-6.004586592120857e-08,2.916593728626299e-07,0,a
0.0965,2.2534688943173802e-05,5.41263068101852e-07,4.860211823308636e-08,0,a
0.0966,2.310519733368771e-05,-1.1542979532393205e-07,1.4731300100150914e-07,0,a
0.0967,2.268346016285457e-05,3.818931370833189e-07,-3.0512871218672875e-07,0,a
0.0968,2.3680368354423756e-05,-3.741230684583344e-07,2.1710852237575928e-08,0,a
0.0969,2.198282812831271e-05,-5.0297238611204264e-08,-3.9964818379165174e-07,0,a
0.097,2.2532568447020968e-05,-8.170514142916363e-07,4.23714090492276e-07,0,a
0.0971,2.122921411154884e-05,8.970192030184936e-07,9.748667976856718e-08,0,a
0.0972,2.4673885737368195e-05,2.421628006944973e-07,5.870864955802403e-07,0,a
0.0973,2.3259056849104453e-05,9.442080724490849e-07,-5.312321047638957e-07,0,a
0.0974,2.4061838328896108e-05,-6.966771112731937e-07,-4.836663320838853e-08,0,a
0.0975,2.25838544035486e-05,9.706290106933164e-08,-5.708388163950911e-07,0,a
0.0976,2.3550245552312455e-05,-7.683083767361883e-07,4.269636877963424e-07,0,a
0.0977,2.1756913198687547e-05,5.842139521158335e-07,-1.1524155774841012e-07,0,a
0.0978,2.4336496259896084e-05,-2.4866177217589875e-07,5.45737258152834e-07,0,a
0.0979,2.2804260235784765e-05,8.689033977223139e-07,-3.234486859753651e-07,0,a
0.098,2.4363623391854492e-05,-3.8613210581026186e-07,6.842904455556631e-08,0,a
0.0981,2.31780999424653e-05,-4.337463850919977e-08,-4.844666595772082e-07,0,a
0.0982,2.267413632025716e-05,-5.844965810093109e-07,8.995148407872411e-08,0,a
0.0983,2.2610133648826566e-05,-1.1627765357408949e-07,2.402789862190968e-07,0,a
0.0984,2.282926698174303e-05,6.774623201480906e-07,3.6032417106175127e-07,0,a
0.0985,2.470652328070144e-05,4.964759321759429e-07,2.0971416285341132e-07,0,a
0.0986,2.409956144535438e-05,5.128648349861445e-07,-2.9848869981017893e-07,0,a
0.0987,2.4367861486701466e-05,-2.1800377928244622e-07,-1.8781506653553525e-07,0,a
0.0988,2.4052511942854102e-05,-6.696926743066285e-08,-1.7655932650771682e-07,0,a
0.0989,2.3898653643062386e-05,-1.6813144537005997e-08,-1.0676395110339538e-07,0,a
0.099,2.431742205309046e-05,-5.382956325926324e-07,4.1490812819483985e-08,0,a
0.0991,2.24376250450762e-05,5.750317102778908e-08,5.886894819287306e-08,0,a
0.0992,2.407116315614576e-05,1.597937000416132e-07,5.110280454352211e-07,0,a
0.0993,2.4796803153215298e-05,9.947885037130312e-07,-2.8869362614199136e-08,0,a
0.0994,2.5421990556215292e-05,-2.9104916814808328e-08,-2.305303021527373e-07,0,a
0.0995,2.398384840570132e-05,-5.317972064165987e-07,-4.152370541681887e-07,0,a
0.0996,2.3201411533965505e-05,-2.5092265879153475e-07,5.2746517356475123e-08,0,a
0.0997,2.4669222579840698e-05,1.2913463525461696e-07,2.994773198672608e-07,0,a
0.0998,2.4371252311465172e-05,3.666347531851836e-07,1.7001478128013156e-08,0,a
0.0999,2.4301315793521056e-05,-1.999182244074953e-07,9.791060931329143e-08,0,a
0.1,2.4069467906618205e-05,4.2286646319449127e-07,-6.306017456175737e-08,0,a
0.1001,2.5639851701048646e-05,1.7745422949991152e-07,1.5922813233952308e-07,0,a
0.1002,2.4833678482020787e-05,2.7776617261107394e-07,-3.417687512546288e-07,0,a
0.1003,2.4902766424451444e-05,-6.024397905693951e-07,-1.3445638744901206e-07,0,a
0.1004,2.3832532329340457e-05,-2.2591493284712463e-07,-1.3850630849687436e-07,0,a
0.1005,2.4155933683479417e-05,-1.3775275287954917e-07,3.069654898703523e-07,0,a
0.1006,2.4489508165812796e-05,3.184566790416618e-07,1.1769057626536837e-07,0,a
0.1007,2.478790236646543e-05,1.2715679594898046e-07,-6.244817235806483e-08,0,a
0.1008,2.4537404071326365e-05,-3.2509726995374365e-07,-7.30443814166639e-08,0,a
0.1009,2.351421635595156e-05,9.93235347916701e-08,1.0648177400468937e-07,0,a
0.101,2.5085872970840446e-05,4.4660211796304855e-07,4.0478187523457627e-07,0,a
0.1011,2.5877210425215518e-05,8.892483557499851e-07,-3.4002799850291485e-08,0,a
0.1012,2.6181961423201507e-05,-2.6848647592042434e-09,-3.242962963657804e-07,0,a
0.1013,2.507781837656283e-05,-5.262867711342928e-07,-4.479206916465882e-07,0,a
0.1014,2.4298350111812646e-05,-4.545137191897794e-07,-6.49908595231907e-08,0,a
0.1015,2.4818420265632162e-05,-1.976574433287764e-07,2.4074972231484477e-07,0,a
0.1016,2.4484846046576504e-05,1.9596239581024162e-07,1.2046895989967544e-07,0,a
0.1017,2.488623729924337e-05,-9.310683949075304e-08,6.857026452473402e-08,0,a
0.1018,2.453909974715989e-05,8.053350245425624e-09,-1.272978217083616e-07,0,a
0.1019,2.4509006097312798e-05,-1.8593106931484314e-07,1.1505313491206913e-07,0,a
0.102,2.432844409129883e-05,2.5205256524545434e-07,8.213358182247907e-08,0,a
0.1021,2.5295257442896266e-05,2.544540957128628e-07,3.852348287188317e-08,0,a
0.1022,2.5272368384451373e-05,-7.036062069919359e-08,-1.0699993616673621e-07,0,a
0.1023,2.4117362229201264e-05,-6.894724325475431e-08,-2.3735749898120606e-08,0,a
0.1024,2.5088415713131996e-05,1.83246846018501e-07,1.3695269457878918e-07,0,a
0.1025,2.5822108922506876e-05,3.404974630371739e-07,1.0813009897839266e-07,0,a
0.1026,2.513885461831278e-05,2.554430536804236e-07,3.470904368058276e-08,0,a
0.1027,2.5854744874173274e-05,2.873739770602494e-07,4.4881480768471155e-08,0,a
0.1028,2.6684230853687624e-05,4.751419053425873e-07,-4.1725934259153924e-08,0,a
0.1029,2.6564280334340538e-05,1.3026525090296189e-07,-1.5037457937501728e-07,0,a
0.103,2.6245540626882153e-05,-1.6374976106480247e-07,,0,a
0.1031,2.6192981570493217e-05,,,0,a
